emojiname,emojicode
"grinning_face","\\ud83d\\ude00"
"grinning_face_with_big_eyes","\\ud83d\\ude03"
"grinning_face_with_smiling_eyes","\\ud83d\\ude04"
"beaming_face_with_smiling_eyes","\\ud83d\\ude01"
"grinning_squinting_face","\\ud83d\\ude06"
"grinning_face_with_sweat","\\ud83d\\ude05"
"rolling_on_the_floor_laughing","\\ud83e\\udd23"
"face_with_tears_of_joy","\\ud83d\\ude02"
"slightly_smiling_face","\\ud83d\\ude42"
"upsidedown_face","\\ud83d\\ude43"
"⊛_melting_face","\\ud83e\\udee0"
"winking_face","\\ud83d\\ude09"
"smiling_face_with_smiling_eyes","\\ud83d\\ude0a"
"smiling_face_with_halo","\\ud83d\\ude07"
"smiling_face_with_hearts","\\ud83e\\udd70"
"smiling_face_with_hearteyes","\\ud83d\\ude0d"
"starstruck","\\ud83e\\udd29"
"face_blowing_a_kiss","\\ud83d\\ude18"
"kissing_face","\\ud83d\\ude17"
"smiling_face","\\u263A"
"kissing_face_with_closed_eyes","\\ud83d\\ude1a"
"kissing_face_with_smiling_eyes","\\ud83d\\ude19"
"smiling_face_with_tear","\\ud83e\\udd72"
"face_savoring_food","\\ud83d\\ude0b"
"face_with_tongue","\\ud83d\\ude1b"
"winking_face_with_tongue","\\ud83d\\ude1c"
"zany_face","\\ud83e\\udd2a"
"squinting_face_with_tongue","\\ud83d\\ude1d"
"moneymouth_face","\\ud83e\\udd11"
"smiling_face_with_open_hands","\\ud83e\\udd17"
"face_with_hand_over_mouth","\\ud83e\\udd2d"
"⊛_face_with_open_eyes_and_hand_over_mouth","\\ud83e\\udee2"
"⊛_face_with_peeking_eye","\\ud83e\\udee3"
"shushing_face","\\ud83e\\udd2b"
"thinking_face","\\ud83e\\udd14"
"⊛_saluting_face","\\ud83e\\udee1"
"zippermouth_face","\\ud83e\\udd10"
"face_with_raised_eyebrow","\\ud83e\\udd28"
"neutral_face","\\ud83d\\ude10"
"expressionless_face","\\ud83d\\ude11"
"face_without_mouth","\\ud83d\\ude36"
"⊛_dotted_line_face","\\ud83e\\udee5"
"face_in_clouds","\\ud83d\\ude36\\u200D\\ud83c\\udf2b\\uFE0F"
"smirking_face","\\ud83d\\ude0f"
"unamused_face","\\ud83d\\ude12"
"face_with_rolling_eyes","\\ud83d\\ude44"
"grimacing_face","\\ud83d\\ude2c"
"face_exhaling","\\ud83d\\ude2e\\u200D\\ud83d\\udca8"
"lying_face","\\ud83e\\udd25"
"relieved_face","\\ud83d\\ude0c"
"pensive_face","\\ud83d\\ude14"
"sleepy_face","\\ud83d\\ude2a"
"drooling_face","\\ud83e\\udd24"
"sleeping_face","\\ud83d\\ude34"
"face_with_medical_mask","\\ud83d\\ude37"
"face_with_thermometer","\\ud83e\\udd12"
"face_with_headbandage","\\ud83e\\udd15"
"nauseated_face","\\ud83e\\udd22"
"face_vomiting","\\ud83e\\udd2e"
"sneezing_face","\\ud83e\\udd27"
"hot_face","\\ud83e\\udd75"
"cold_face","\\ud83e\\udd76"
"woozy_face","\\ud83e\\udd74"
"face_with_crossedout_eyes","\\ud83d\\ude35"
"face_with_spiral_eyes","\\ud83d\\ude35\\u200D\\ud83d\\udcab"
"exploding_head","\\ud83e\\udd2f"
"cowboy_hat_face","\\ud83e\\udd20"
"partying_face","\\ud83e\\udd73"
"disguised_face","\\ud83e\\udd78"
"smiling_face_with_sunglasses","\\ud83d\\ude0e"
"nerd_face","\\ud83e\\udd13"
"face_with_monocle","\\ud83e\\uddd0"
"confused_face","\\ud83d\\ude15"
"⊛_face_with_diagonal_mouth","\\ud83e\\udee4"
"worried_face","\\ud83d\\ude1f"
"slightly_frowning_face","\\ud83d\\ude41"
"frowning_face","\\u2639"
"face_with_open_mouth","\\ud83d\\ude2e"
"hushed_face","\\ud83d\\ude2f"
"astonished_face","\\ud83d\\ude32"
"flushed_face","\\ud83d\\ude33"
"pleading_face","\\ud83e\\udd7a"
"⊛_face_holding_back_tears","\\ud83e\\udd79"
"frowning_face_with_open_mouth","\\ud83d\\ude26"
"anguished_face","\\ud83d\\ude27"
"fearful_face","\\ud83d\\ude28"
"anxious_face_with_sweat","\\ud83d\\ude30"
"sad_but_relieved_face","\\ud83d\\ude25"
"crying_face","\\ud83d\\ude22"
"loudly_crying_face","\\ud83d\\ude2d"
"face_screaming_in_fear","\\ud83d\\ude31"
"confounded_face","\\ud83d\\ude16"
"persevering_face","\\ud83d\\ude23"
"disappointed_face","\\ud83d\\ude1e"
"downcast_face_with_sweat","\\ud83d\\ude13"
"weary_face","\\ud83d\\ude29"
"tired_face","\\ud83d\\ude2b"
"yawning_face","\\ud83e\\udd71"
"face_with_steam_from_nose","\\ud83d\\ude24"
"pouting_face","\\ud83d\\ude21"
"angry_face","\\ud83d\\ude20"
"face_with_symbols_on_mouth","\\ud83e\\udd2c"
"smiling_face_with_horns","\\ud83d\\ude08"
"angry_face_with_horns","\\ud83d\\udc7f"
"skull","\\ud83d\\udc80"
"skull_and_crossbones","\\u2620"
"pile_of_poo","\\ud83d\\udca9"
"clown_face","\\ud83e\\udd21"
"ogre","\\ud83d\\udc79"
"goblin","\\ud83d\\udc7a"
"ghost","\\ud83d\\udc7b"
"alien","\\ud83d\\udc7d"
"alien_monster","\\ud83d\\udc7e"
"robot","\\ud83e\\udd16"
"grinning_cat","\\ud83d\\ude3a"
"grinning_cat_with_smiling_eyes","\\ud83d\\ude38"
"cat_with_tears_of_joy","\\ud83d\\ude39"
"smiling_cat_with_hearteyes","\\ud83d\\ude3b"
"cat_with_wry_smile","\\ud83d\\ude3c"
"kissing_cat","\\ud83d\\ude3d"
"weary_cat","\\ud83d\\ude40"
"crying_cat","\\ud83d\\ude3f"
"pouting_cat","\\ud83d\\ude3e"
"seenoevil_monkey","\\ud83d\\ude48"
"hearnoevil_monkey","\\ud83d\\ude49"
"speaknoevil_monkey","\\ud83d\\ude4a"
"kiss_mark","\\ud83d\\udc8b"
"love_letter","\\ud83d\\udc8c"
"heart_with_arrow","\\ud83d\\udc98"
"heart_with_ribbon","\\ud83d\\udc9d"
"sparkling_heart","\\ud83d\\udc96"
"growing_heart","\\ud83d\\udc97"
"beating_heart","\\ud83d\\udc93"
"revolving_hearts","\\ud83d\\udc9e"
"two_hearts","\\ud83d\\udc95"
"heart_decoration","\\ud83d\\udc9f"
"heart_exclamation","\\u2763"
"broken_heart","\\ud83d\\udc94"
"heart_on_fire","\\u2764\\uFE0F\\u200D\\ud83d\\udd25"
"mending_heart","\\u2764\\uFE0F\\u200D\\ud83e\\ude79"
"red_heart","\\u2764"
"orange_heart","\\ud83e\\udde1"
"yellow_heart","\\ud83d\\udc9b"
"green_heart","\\ud83d\\udc9a"
"blue_heart","\\ud83d\\udc99"
"purple_heart","\\ud83d\\udc9c"
"brown_heart","\\ud83e\\udd0e"
"black_heart","\\ud83d\\udda4"
"white_heart","\\ud83e\\udd0d"
"hundred_points","\\ud83d\\udcaf"
"anger_symbol","\\ud83d\\udca2"
"collision","\\ud83d\\udca5"
"dizzy","\\ud83d\\udcab"
"sweat_droplets","\\ud83d\\udca6"
"dashing_away","\\ud83d\\udca8"
"hole","\\ud83d\\udd73"
"bomb","\\ud83d\\udca3"
"speech_balloon","\\ud83d\\udcac"
"eye_in_speech_bubble","\\ud83d\\udc41\\uFE0F\\u200D\\ud83d\\udde8\\uFE0F"
"left_speech_bubble","\\ud83d\\udde8"
"right_anger_bubble","\\ud83d\\uddef"
"thought_balloon","\\ud83d\\udcad"
"zzz","\\ud83d\\udca4"
"waving_hand","\\ud83d\\udc4b"
"raised_back_of_hand","\\ud83e\\udd1a"
"hand_with_fingers_splayed","\\ud83d\\udd90"
"raised_hand","\\u270B"
"vulcan_salute","\\ud83d\\udd96"
"⊛_rightwards_hand","\\ud83e\\udef1"
"⊛_leftwards_hand","\\ud83e\\udef2"
"⊛_palm_down_hand","\\ud83e\\udef3"
"⊛_palm_up_hand","\\ud83e\\udef4"
"ok_hand","\\ud83d\\udc4c"
"pinched_fingers","\\ud83e\\udd0c"
"pinching_hand","\\ud83e\\udd0f"
"victory_hand","\\u270C"
"crossed_fingers","\\ud83e\\udd1e"
"⊛_hand_with_index_finger_and_thumb_crossed","\\ud83e\\udef0"
"loveyou_gesture","\\ud83e\\udd1f"
"sign_of_the_horns","\\ud83e\\udd18"
"call_me_hand","\\ud83e\\udd19"
"backhand_index_pointing_left","\\ud83d\\udc48"
"backhand_index_pointing_right","\\ud83d\\udc49"
"backhand_index_pointing_up","\\ud83d\\udc46"
"middle_finger","\\ud83d\\udd95"
"backhand_index_pointing_down","\\ud83d\\udc47"
"index_pointing_up","\\u261D"
"⊛_index_pointing_at_the_viewer","\\ud83e\\udef5"
"thumbs_up","\\ud83d\\udc4d"
"thumbs_down","\\ud83d\\udc4e"
"raised_fist","\\u270A"
"oncoming_fist","\\ud83d\\udc4a"
"leftfacing_fist","\\ud83e\\udd1b"
"rightfacing_fist","\\ud83e\\udd1c"
"clapping_hands","\\ud83d\\udc4f"
"raising_hands","\\ud83d\\ude4c"
"⊛_heart_hands","\\ud83e\\udef6"
"open_hands","\\ud83d\\udc50"
"palms_up_together","\\ud83e\\udd32"
"handshake","\\ud83e\\udd1d"
"folded_hands","\\ud83d\\ude4f"
"writing_hand","\\u270D"
"nail_polish","\\ud83d\\udc85"
"selfie","\\ud83e\\udd33"
"flexed_biceps","\\ud83d\\udcaa"
"mechanical_arm","\\ud83e\\uddbe"
"mechanical_leg","\\ud83e\\uddbf"
"leg","\\ud83e\\uddb5"
"foot","\\ud83e\\uddb6"
"ear","\\ud83d\\udc42"
"ear_with_hearing_aid","\\ud83e\\uddbb"
"nose","\\ud83d\\udc43"
"brain","\\ud83e\\udde0"
"anatomical_heart","\\ud83e\\udec0"
"lungs","\\ud83e\\udec1"
"tooth","\\ud83e\\uddb7"
"bone","\\ud83e\\uddb4"
"eyes","\\ud83d\\udc40"
"eye","\\ud83d\\udc41"
"tongue","\\ud83d\\udc45"
"mouth","\\ud83d\\udc44"
"⊛_biting_lip","\\ud83e\\udee6"
"baby","\\ud83d\\udc76"
"child","\\ud83e\\uddd2"
"boy","\\ud83d\\udc66"
"girl","\\ud83d\\udc67"
"person","\\ud83e\\uddd1"
"person_blond_hair","\\ud83d\\udc71"
"man","\\ud83d\\udc68"
"person_beard","\\ud83e\\uddd4"
"man_beard","\\ud83e\\uddd4\\u200D\\u2642\\uFE0F"
"woman_beard","\\ud83e\\uddd4\\u200D\\u2640\\uFE0F"
"man_red_hair","\\ud83d\\udc68\\u200D\\ud83e\\uddb0"
"man_curly_hair","\\ud83d\\udc68\\u200D\\ud83e\\uddb1"
"man_white_hair","\\ud83d\\udc68\\u200D\\ud83e\\uddb3"
"man_bald","\\ud83d\\udc68\\u200D\\ud83e\\uddb2"
"woman","\\ud83d\\udc69"
"woman_red_hair","\\ud83d\\udc69\\u200D\\ud83e\\uddb0"
"person_red_hair","\\ud83e\\uddd1\\u200D\\ud83e\\uddb0"
"woman_curly_hair","\\ud83d\\udc69\\u200D\\ud83e\\uddb1"
"person_curly_hair","\\ud83e\\uddd1\\u200D\\ud83e\\uddb1"
"woman_white_hair","\\ud83d\\udc69\\u200D\\ud83e\\uddb3"
"person_white_hair","\\ud83e\\uddd1\\u200D\\ud83e\\uddb3"
"woman_bald","\\ud83d\\udc69\\u200D\\ud83e\\uddb2"
"person_bald","\\ud83e\\uddd1\\u200D\\ud83e\\uddb2"
"woman_blond_hair","\\ud83d\\udc71\\u200D\\u2640\\uFE0F"
"man_blond_hair","\\ud83d\\udc71\\u200D\\u2642\\uFE0F"
"older_person","\\ud83e\\uddd3"
"old_man","\\ud83d\\udc74"
"old_woman","\\ud83d\\udc75"
"person_frowning","\\ud83d\\ude4d"
"man_frowning","\\ud83d\\ude4d\\u200D\\u2642\\uFE0F"
"woman_frowning","\\ud83d\\ude4d\\u200D\\u2640\\uFE0F"
"person_pouting","\\ud83d\\ude4e"
"man_pouting","\\ud83d\\ude4e\\u200D\\u2642\\uFE0F"
"woman_pouting","\\ud83d\\ude4e\\u200D\\u2640\\uFE0F"
"person_gesturing_no","\\ud83d\\ude45"
"man_gesturing_no","\\ud83d\\ude45\\u200D\\u2642\\uFE0F"
"woman_gesturing_no","\\ud83d\\ude45\\u200D\\u2640\\uFE0F"
"person_gesturing_ok","\\ud83d\\ude46"
"man_gesturing_ok","\\ud83d\\ude46\\u200D\\u2642\\uFE0F"
"woman_gesturing_ok","\\ud83d\\ude46\\u200D\\u2640\\uFE0F"
"person_tipping_hand","\\ud83d\\udc81"
"man_tipping_hand","\\ud83d\\udc81\\u200D\\u2642\\uFE0F"
"woman_tipping_hand","\\ud83d\\udc81\\u200D\\u2640\\uFE0F"
"person_raising_hand","\\ud83d\\ude4b"
"man_raising_hand","\\ud83d\\ude4b\\u200D\\u2642\\uFE0F"
"woman_raising_hand","\\ud83d\\ude4b\\u200D\\u2640\\uFE0F"
"deaf_person","\\ud83e\\uddcf"
"deaf_man","\\ud83e\\uddcf\\u200D\\u2642\\uFE0F"
"deaf_woman","\\ud83e\\uddcf\\u200D\\u2640\\uFE0F"
"person_bowing","\\ud83d\\ude47"
"man_bowing","\\ud83d\\ude47\\u200D\\u2642\\uFE0F"
"woman_bowing","\\ud83d\\ude47\\u200D\\u2640\\uFE0F"
"person_facepalming","\\ud83e\\udd26"
"man_facepalming","\\ud83e\\udd26\\u200D\\u2642\\uFE0F"
"woman_facepalming","\\ud83e\\udd26\\u200D\\u2640\\uFE0F"
"person_shrugging","\\ud83e\\udd37"
"man_shrugging","\\ud83e\\udd37\\u200D\\u2642\\uFE0F"
"woman_shrugging","\\ud83e\\udd37\\u200D\\u2640\\uFE0F"
"health_worker","\\ud83e\\uddd1\\u200D\\u2695\\uFE0F"
"man_health_worker","\\ud83d\\udc68\\u200D\\u2695\\uFE0F"
"woman_health_worker","\\ud83d\\udc69\\u200D\\u2695\\uFE0F"
"student","\\ud83e\\uddd1\\u200D\\ud83c\\udf93"
"man_student","\\ud83d\\udc68\\u200D\\ud83c\\udf93"
"woman_student","\\ud83d\\udc69\\u200D\\ud83c\\udf93"
"teacher","\\ud83e\\uddd1\\u200D\\ud83c\\udfeb"
"man_teacher","\\ud83d\\udc68\\u200D\\ud83c\\udfeb"
"woman_teacher","\\ud83d\\udc69\\u200D\\ud83c\\udfeb"
"judge","\\ud83e\\uddd1\\u200D\\u2696\\uFE0F"
"man_judge","\\ud83d\\udc68\\u200D\\u2696\\uFE0F"
"woman_judge","\\ud83d\\udc69\\u200D\\u2696\\uFE0F"
"farmer","\\ud83e\\uddd1\\u200D\\ud83c\\udf3e"
"man_farmer","\\ud83d\\udc68\\u200D\\ud83c\\udf3e"
"woman_farmer","\\ud83d\\udc69\\u200D\\ud83c\\udf3e"
"cook","\\ud83e\\uddd1\\u200D\\ud83c\\udf73"
"man_cook","\\ud83d\\udc68\\u200D\\ud83c\\udf73"
"woman_cook","\\ud83d\\udc69\\u200D\\ud83c\\udf73"
"mechanic","\\ud83e\\uddd1\\u200D\\ud83d\\udd27"
"man_mechanic","\\ud83d\\udc68\\u200D\\ud83d\\udd27"
"woman_mechanic","\\ud83d\\udc69\\u200D\\ud83d\\udd27"
"factory_worker","\\ud83e\\uddd1\\u200D\\ud83c\\udfed"
"man_factory_worker","\\ud83d\\udc68\\u200D\\ud83c\\udfed"
"woman_factory_worker","\\ud83d\\udc69\\u200D\\ud83c\\udfed"
"office_worker","\\ud83e\\uddd1\\u200D\\ud83d\\udcbc"
"man_office_worker","\\ud83d\\udc68\\u200D\\ud83d\\udcbc"
"woman_office_worker","\\ud83d\\udc69\\u200D\\ud83d\\udcbc"
"scientist","\\ud83e\\uddd1\\u200D\\ud83d\\udd2c"
"man_scientist","\\ud83d\\udc68\\u200D\\ud83d\\udd2c"
"woman_scientist","\\ud83d\\udc69\\u200D\\ud83d\\udd2c"
"technologist","\\ud83e\\uddd1\\u200D\\ud83d\\udcbb"
"man_technologist","\\ud83d\\udc68\\u200D\\ud83d\\udcbb"
"woman_technologist","\\ud83d\\udc69\\u200D\\ud83d\\udcbb"
"singer","\\ud83e\\uddd1\\u200D\\ud83c\\udfa4"
"man_singer","\\ud83d\\udc68\\u200D\\ud83c\\udfa4"
"woman_singer","\\ud83d\\udc69\\u200D\\ud83c\\udfa4"
"artist","\\ud83e\\uddd1\\u200D\\ud83c\\udfa8"
"man_artist","\\ud83d\\udc68\\u200D\\ud83c\\udfa8"
"woman_artist","\\ud83d\\udc69\\u200D\\ud83c\\udfa8"
"pilot","\\ud83e\\uddd1\\u200D\\u2708\\uFE0F"
"man_pilot","\\ud83d\\udc68\\u200D\\u2708\\uFE0F"
"woman_pilot","\\ud83d\\udc69\\u200D\\u2708\\uFE0F"
"astronaut","\\ud83e\\uddd1\\u200D\\ud83d\\ude80"
"man_astronaut","\\ud83d\\udc68\\u200D\\ud83d\\ude80"
"woman_astronaut","\\ud83d\\udc69\\u200D\\ud83d\\ude80"
"firefighter","\\ud83e\\uddd1\\u200D\\ud83d\\ude92"
"man_firefighter","\\ud83d\\udc68\\u200D\\ud83d\\ude92"
"woman_firefighter","\\ud83d\\udc69\\u200D\\ud83d\\ude92"
"police_officer","\\ud83d\\udc6e"
"man_police_officer","\\ud83d\\udc6e\\u200D\\u2642\\uFE0F"
"woman_police_officer","\\ud83d\\udc6e\\u200D\\u2640\\uFE0F"
"detective","\\ud83d\\udd75"
"man_detective","\\ud83d\\udd75\\uFE0F\\u200D\\u2642\\uFE0F"
"woman_detective","\\ud83d\\udd75\\uFE0F\\u200D\\u2640\\uFE0F"
"guard","\\ud83d\\udc82"
"man_guard","\\ud83d\\udc82\\u200D\\u2642\\uFE0F"
"woman_guard","\\ud83d\\udc82\\u200D\\u2640\\uFE0F"
"ninja","\\ud83e\\udd77"
"construction_worker","\\ud83d\\udc77"
"man_construction_worker","\\ud83d\\udc77\\u200D\\u2642\\uFE0F"
"woman_construction_worker","\\ud83d\\udc77\\u200D\\u2640\\uFE0F"
"⊛_person_with_crown","\\ud83e\\udec5"
"prince","\\ud83e\\udd34"
"princess","\\ud83d\\udc78"
"person_wearing_turban","\\ud83d\\udc73"
"man_wearing_turban","\\ud83d\\udc73\\u200D\\u2642\\uFE0F"
"woman_wearing_turban","\\ud83d\\udc73\\u200D\\u2640\\uFE0F"
"person_with_skullcap","\\ud83d\\udc72"
"woman_with_headscarf","\\ud83e\\uddd5"
"person_in_tuxedo","\\ud83e\\udd35"
"man_in_tuxedo","\\ud83e\\udd35\\u200D\\u2642\\uFE0F"
"woman_in_tuxedo","\\ud83e\\udd35\\u200D\\u2640\\uFE0F"
"person_with_veil","\\ud83d\\udc70"
"man_with_veil","\\ud83d\\udc70\\u200D\\u2642\\uFE0F"
"woman_with_veil","\\ud83d\\udc70\\u200D\\u2640\\uFE0F"
"pregnant_woman","\\ud83e\\udd30"
"⊛_pregnant_man","\\ud83e\\udec3"
"⊛_pregnant_person","\\ud83e\\udec4"
"breastfeeding","\\ud83e\\udd31"
"woman_feeding_baby","\\ud83d\\udc69\\u200D\\ud83c\\udf7c"
"man_feeding_baby","\\ud83d\\udc68\\u200D\\ud83c\\udf7c"
"person_feeding_baby","\\ud83e\\uddd1\\u200D\\ud83c\\udf7c"
"baby_angel","\\ud83d\\udc7c"
"santa_claus","\\ud83c\\udf85"
"mrs_claus","\\ud83e\\udd36"
"mx_claus","\\ud83e\\uddd1\\u200D\\ud83c\\udf84"
"superhero","\\ud83e\\uddb8"
"man_superhero","\\ud83e\\uddb8\\u200D\\u2642\\uFE0F"
"woman_superhero","\\ud83e\\uddb8\\u200D\\u2640\\uFE0F"
"supervillain","\\ud83e\\uddb9"
"man_supervillain","\\ud83e\\uddb9\\u200D\\u2642\\uFE0F"
"woman_supervillain","\\ud83e\\uddb9\\u200D\\u2640\\uFE0F"
"mage","\\ud83e\\uddd9"
"man_mage","\\ud83e\\uddd9\\u200D\\u2642\\uFE0F"
"woman_mage","\\ud83e\\uddd9\\u200D\\u2640\\uFE0F"
"fairy","\\ud83e\\uddda"
"man_fairy","\\ud83e\\uddda\\u200D\\u2642\\uFE0F"
"woman_fairy","\\ud83e\\uddda\\u200D\\u2640\\uFE0F"
"vampire","\\ud83e\\udddb"
"man_vampire","\\ud83e\\udddb\\u200D\\u2642\\uFE0F"
"woman_vampire","\\ud83e\\udddb\\u200D\\u2640\\uFE0F"
"merperson","\\ud83e\\udddc"
"merman","\\ud83e\\udddc\\u200D\\u2642\\uFE0F"
"mermaid","\\ud83e\\udddc\\u200D\\u2640\\uFE0F"
"elf","\\ud83e\\udddd"
"man_elf","\\ud83e\\udddd\\u200D\\u2642\\uFE0F"
"woman_elf","\\ud83e\\udddd\\u200D\\u2640\\uFE0F"
"genie","\\ud83e\\uddde"
"man_genie","\\ud83e\\uddde\\u200D\\u2642\\uFE0F"
"woman_genie","\\ud83e\\uddde\\u200D\\u2640\\uFE0F"
"zombie","\\ud83e\\udddf"
"man_zombie","\\ud83e\\udddf\\u200D\\u2642\\uFE0F"
"woman_zombie","\\ud83e\\udddf\\u200D\\u2640\\uFE0F"
"⊛_troll","\\ud83e\\uddcc"
"person_getting_massage","\\ud83d\\udc86"
"man_getting_massage","\\ud83d\\udc86\\u200D\\u2642\\uFE0F"
"woman_getting_massage","\\ud83d\\udc86\\u200D\\u2640\\uFE0F"
"person_getting_haircut","\\ud83d\\udc87"
"man_getting_haircut","\\ud83d\\udc87\\u200D\\u2642\\uFE0F"
"woman_getting_haircut","\\ud83d\\udc87\\u200D\\u2640\\uFE0F"
"person_walking","\\ud83d\\udeb6"
"man_walking","\\ud83d\\udeb6\\u200D\\u2642\\uFE0F"
"woman_walking","\\ud83d\\udeb6\\u200D\\u2640\\uFE0F"
"person_standing","\\ud83e\\uddcd"
"man_standing","\\ud83e\\uddcd\\u200D\\u2642\\uFE0F"
"woman_standing","\\ud83e\\uddcd\\u200D\\u2640\\uFE0F"
"person_kneeling","\\ud83e\\uddce"
"man_kneeling","\\ud83e\\uddce\\u200D\\u2642\\uFE0F"
"woman_kneeling","\\ud83e\\uddce\\u200D\\u2640\\uFE0F"
"person_with_white_cane","\\ud83e\\uddd1\\u200D\\ud83e\\uddaf"
"man_with_white_cane","\\ud83d\\udc68\\u200D\\ud83e\\uddaf"
"woman_with_white_cane","\\ud83d\\udc69\\u200D\\ud83e\\uddaf"
"person_in_motorized_wheelchair","\\ud83e\\uddd1\\u200D\\ud83e\\uddbc"
"man_in_motorized_wheelchair","\\ud83d\\udc68\\u200D\\ud83e\\uddbc"
"woman_in_motorized_wheelchair","\\ud83d\\udc69\\u200D\\ud83e\\uddbc"
"person_in_manual_wheelchair","\\ud83e\\uddd1\\u200D\\ud83e\\uddbd"
"man_in_manual_wheelchair","\\ud83d\\udc68\\u200D\\ud83e\\uddbd"
"woman_in_manual_wheelchair","\\ud83d\\udc69\\u200D\\ud83e\\uddbd"
"person_running","\\ud83c\\udfc3"
"man_running","\\ud83c\\udfc3\\u200D\\u2642\\uFE0F"
"woman_running","\\ud83c\\udfc3\\u200D\\u2640\\uFE0F"
"woman_dancing","\\ud83d\\udc83"
"man_dancing","\\ud83d\\udd7a"
"person_in_suit_levitating","\\ud83d\\udd74"
"people_with_bunny_ears","\\ud83d\\udc6f"
"men_with_bunny_ears","\\ud83d\\udc6f\\u200D\\u2642\\uFE0F"
"women_with_bunny_ears","\\ud83d\\udc6f\\u200D\\u2640\\uFE0F"
"person_in_steamy_room","\\ud83e\\uddd6"
"man_in_steamy_room","\\ud83e\\uddd6\\u200D\\u2642\\uFE0F"
"woman_in_steamy_room","\\ud83e\\uddd6\\u200D\\u2640\\uFE0F"
"person_climbing","\\ud83e\\uddd7"
"man_climbing","\\ud83e\\uddd7\\u200D\\u2642\\uFE0F"
"woman_climbing","\\ud83e\\uddd7\\u200D\\u2640\\uFE0F"
"person_fencing","\\ud83e\\udd3a"
"horse_racing","\\ud83c\\udfc7"
"skier","\\u26F7"
"snowboarder","\\ud83c\\udfc2"
"person_golfing","\\ud83c\\udfcc"
"man_golfing","\\ud83c\\udfcc\\uFE0F\\u200D\\u2642\\uFE0F"
"woman_golfing","\\ud83c\\udfcc\\uFE0F\\u200D\\u2640\\uFE0F"
"person_surfing","\\ud83c\\udfc4"
"man_surfing","\\ud83c\\udfc4\\u200D\\u2642\\uFE0F"
"woman_surfing","\\ud83c\\udfc4\\u200D\\u2640\\uFE0F"
"person_rowing_boat","\\ud83d\\udea3"
"man_rowing_boat","\\ud83d\\udea3\\u200D\\u2642\\uFE0F"
"woman_rowing_boat","\\ud83d\\udea3\\u200D\\u2640\\uFE0F"
"person_swimming","\\ud83c\\udfca"
"man_swimming","\\ud83c\\udfca\\u200D\\u2642\\uFE0F"
"woman_swimming","\\ud83c\\udfca\\u200D\\u2640\\uFE0F"
"person_bouncing_ball","\\u26F9"
"man_bouncing_ball","\\u26F9\\uFE0F\\u200D\\u2642\\uFE0F"
"woman_bouncing_ball","\\u26F9\\uFE0F\\u200D\\u2640\\uFE0F"
"person_lifting_weights","\\ud83c\\udfcb"
"man_lifting_weights","\\ud83c\\udfcb\\uFE0F\\u200D\\u2642\\uFE0F"
"woman_lifting_weights","\\ud83c\\udfcb\\uFE0F\\u200D\\u2640\\uFE0F"
"person_biking","\\ud83d\\udeb4"
"man_biking","\\ud83d\\udeb4\\u200D\\u2642\\uFE0F"
"woman_biking","\\ud83d\\udeb4\\u200D\\u2640\\uFE0F"
"person_mountain_biking","\\ud83d\\udeb5"
"man_mountain_biking","\\ud83d\\udeb5\\u200D\\u2642\\uFE0F"
"woman_mountain_biking","\\ud83d\\udeb5\\u200D\\u2640\\uFE0F"
"person_cartwheeling","\\ud83e\\udd38"
"man_cartwheeling","\\ud83e\\udd38\\u200D\\u2642\\uFE0F"
"woman_cartwheeling","\\ud83e\\udd38\\u200D\\u2640\\uFE0F"
"people_wrestling","\\ud83e\\udd3c"
"men_wrestling","\\ud83e\\udd3c\\u200D\\u2642\\uFE0F"
"women_wrestling","\\ud83e\\udd3c\\u200D\\u2640\\uFE0F"
"person_playing_water_polo","\\ud83e\\udd3d"
"man_playing_water_polo","\\ud83e\\udd3d\\u200D\\u2642\\uFE0F"
"woman_playing_water_polo","\\ud83e\\udd3d\\u200D\\u2640\\uFE0F"
"person_playing_handball","\\ud83e\\udd3e"
"man_playing_handball","\\ud83e\\udd3e\\u200D\\u2642\\uFE0F"
"woman_playing_handball","\\ud83e\\udd3e\\u200D\\u2640\\uFE0F"
"person_juggling","\\ud83e\\udd39"
"man_juggling","\\ud83e\\udd39\\u200D\\u2642\\uFE0F"
"woman_juggling","\\ud83e\\udd39\\u200D\\u2640\\uFE0F"
"person_in_lotus_position","\\ud83e\\uddd8"
"man_in_lotus_position","\\ud83e\\uddd8\\u200D\\u2642\\uFE0F"
"woman_in_lotus_position","\\ud83e\\uddd8\\u200D\\u2640\\uFE0F"
"person_taking_bath","\\ud83d\\udec0"
"person_in_bed","\\ud83d\\udecc"
"people_holding_hands","\\ud83e\\uddd1\\u200D\\ud83e\\udd1d\\u200D\\ud83e\\uddd1"
"women_holding_hands","\\ud83d\\udc6d"
"woman_and_man_holding_hands","\\ud83d\\udc6b"
"men_holding_hands","\\ud83d\\udc6c"
"kiss","\\ud83d\\udc8f"
"kiss_woman_man","\\ud83d\\udc69\\u200D\\u2764\\uFE0F\\u200D\\ud83d\\udc8b\\u200D\\ud83d\\udc68"
"kiss_man_man","\\ud83d\\udc68\\u200D\\u2764\\uFE0F\\u200D\\ud83d\\udc8b\\u200D\\ud83d\\udc68"
"kiss_woman_woman","\\ud83d\\udc69\\u200D\\u2764\\uFE0F\\u200D\\ud83d\\udc8b\\u200D\\ud83d\\udc69"
"couple_with_heart","\\ud83d\\udc91"
"couple_with_heart_woman_man","\\ud83d\\udc69\\u200D\\u2764\\uFE0F\\u200D\\ud83d\\udc68"
"couple_with_heart_man_man","\\ud83d\\udc68\\u200D\\u2764\\uFE0F\\u200D\\ud83d\\udc68"
"couple_with_heart_woman_woman","\\ud83d\\udc69\\u200D\\u2764\\uFE0F\\u200D\\ud83d\\udc69"
"family","\\ud83d\\udc6a"
"family_man_woman_boy","\\ud83d\\udc68\\u200D\\ud83d\\udc69\\u200D\\ud83d\\udc66"
"family_man_woman_girl","\\ud83d\\udc68\\u200D\\ud83d\\udc69\\u200D\\ud83d\\udc67"
"family_man_woman_girl_boy","\\ud83d\\udc68\\u200D\\ud83d\\udc69\\u200D\\ud83d\\udc67\\u200D\\ud83d\\udc66"
"family_man_woman_boy_boy","\\ud83d\\udc68\\u200D\\ud83d\\udc69\\u200D\\ud83d\\udc66\\u200D\\ud83d\\udc66"
"family_man_woman_girl_girl","\\ud83d\\udc68\\u200D\\ud83d\\udc69\\u200D\\ud83d\\udc67\\u200D\\ud83d\\udc67"
"family_man_man_boy","\\ud83d\\udc68\\u200D\\ud83d\\udc68\\u200D\\ud83d\\udc66"
"family_man_man_girl","\\ud83d\\udc68\\u200D\\ud83d\\udc68\\u200D\\ud83d\\udc67"
"family_man_man_girl_boy","\\ud83d\\udc68\\u200D\\ud83d\\udc68\\u200D\\ud83d\\udc67\\u200D\\ud83d\\udc66"
"family_man_man_boy_boy","\\ud83d\\udc68\\u200D\\ud83d\\udc68\\u200D\\ud83d\\udc66\\u200D\\ud83d\\udc66"
"family_man_man_girl_girl","\\ud83d\\udc68\\u200D\\ud83d\\udc68\\u200D\\ud83d\\udc67\\u200D\\ud83d\\udc67"
"family_woman_woman_boy","\\ud83d\\udc69\\u200D\\ud83d\\udc69\\u200D\\ud83d\\udc66"
"family_woman_woman_girl","\\ud83d\\udc69\\u200D\\ud83d\\udc69\\u200D\\ud83d\\udc67"
"family_woman_woman_girl_boy","\\ud83d\\udc69\\u200D\\ud83d\\udc69\\u200D\\ud83d\\udc67\\u200D\\ud83d\\udc66"
"family_woman_woman_boy_boy","\\ud83d\\udc69\\u200D\\ud83d\\udc69\\u200D\\ud83d\\udc66\\u200D\\ud83d\\udc66"
"family_woman_woman_girl_girl","\\ud83d\\udc69\\u200D\\ud83d\\udc69\\u200D\\ud83d\\udc67\\u200D\\ud83d\\udc67"
"family_man_boy","\\ud83d\\udc68\\u200D\\ud83d\\udc66"
"family_man_boy_boy","\\ud83d\\udc68\\u200D\\ud83d\\udc66\\u200D\\ud83d\\udc66"
"family_man_girl","\\ud83d\\udc68\\u200D\\ud83d\\udc67"
"family_man_girl_boy","\\ud83d\\udc68\\u200D\\ud83d\\udc67\\u200D\\ud83d\\udc66"
"family_man_girl_girl","\\ud83d\\udc68\\u200D\\ud83d\\udc67\\u200D\\ud83d\\udc67"
"family_woman_boy","\\ud83d\\udc69\\u200D\\ud83d\\udc66"
"family_woman_boy_boy","\\ud83d\\udc69\\u200D\\ud83d\\udc66\\u200D\\ud83d\\udc66"
"family_woman_girl","\\ud83d\\udc69\\u200D\\ud83d\\udc67"
"family_woman_girl_boy","\\ud83d\\udc69\\u200D\\ud83d\\udc67\\u200D\\ud83d\\udc66"
"family_woman_girl_girl","\\ud83d\\udc69\\u200D\\ud83d\\udc67\\u200D\\ud83d\\udc67"
"speaking_head","\\ud83d\\udde3"
"bust_in_silhouette","\\ud83d\\udc64"
"busts_in_silhouette","\\ud83d\\udc65"
"people_hugging","\\ud83e\\udec2"
"footprints","\\ud83d\\udc63"
"red_hair","\\ud83e\\uddb0"
"curly_hair","\\ud83e\\uddb1"
"white_hair","\\ud83e\\uddb3"
"bald","\\ud83e\\uddb2"
"monkey_face","\\ud83d\\udc35"
"monkey","\\ud83d\\udc12"
"gorilla","\\ud83e\\udd8d"
"orangutan","\\ud83e\\udda7"
"dog_face","\\ud83d\\udc36"
"dog","\\ud83d\\udc15"
"guide_dog","\\ud83e\\uddae"
"service_dog","\\ud83d\\udc15\\u200D\\ud83e\\uddba"
"poodle","\\ud83d\\udc29"
"wolf","\\ud83d\\udc3a"
"fox","\\ud83e\\udd8a"
"raccoon","\\ud83e\\udd9d"
"cat_face","\\ud83d\\udc31"
"cat","\\ud83d\\udc08"
"black_cat","\\ud83d\\udc08\\u200D\\u2B1B"
"lion","\\ud83e\\udd81"
"tiger_face","\\ud83d\\udc2f"
"tiger","\\ud83d\\udc05"
"leopard","\\ud83d\\udc06"
"horse_face","\\ud83d\\udc34"
"horse","\\ud83d\\udc0e"
"unicorn","\\ud83e\\udd84"
"zebra","\\ud83e\\udd93"
"deer","\\ud83e\\udd8c"
"bison","\\ud83e\\uddac"
"cow_face","\\ud83d\\udc2e"
"ox","\\ud83d\\udc02"
"water_buffalo","\\ud83d\\udc03"
"cow","\\ud83d\\udc04"
"pig_face","\\ud83d\\udc37"
"pig","\\ud83d\\udc16"
"boar","\\ud83d\\udc17"
"pig_nose","\\ud83d\\udc3d"
"ram","\\ud83d\\udc0f"
"ewe","\\ud83d\\udc11"
"goat","\\ud83d\\udc10"
"camel","\\ud83d\\udc2a"
"twohump_camel","\\ud83d\\udc2b"
"llama","\\ud83e\\udd99"
"giraffe","\\ud83e\\udd92"
"elephant","\\ud83d\\udc18"
"mammoth","\\ud83e\\udda3"
"rhinoceros","\\ud83e\\udd8f"
"hippopotamus","\\ud83e\\udd9b"
"mouse_face","\\ud83d\\udc2d"
"mouse","\\ud83d\\udc01"
"rat","\\ud83d\\udc00"
"hamster","\\ud83d\\udc39"
"rabbit_face","\\ud83d\\udc30"
"rabbit","\\ud83d\\udc07"
"chipmunk","\\ud83d\\udc3f"
"beaver","\\ud83e\\uddab"
"hedgehog","\\ud83e\\udd94"
"bat","\\ud83e\\udd87"
"bear","\\ud83d\\udc3b"
"polar_bear","\\ud83d\\udc3b\\u200D\\u2744\\uFE0F"
"koala","\\ud83d\\udc28"
"panda","\\ud83d\\udc3c"
"sloth","\\ud83e\\udda5"
"otter","\\ud83e\\udda6"
"skunk","\\ud83e\\udda8"
"kangaroo","\\ud83e\\udd98"
"badger","\\ud83e\\udda1"
"paw_prints","\\ud83d\\udc3e"
"turkey","\\ud83e\\udd83"
"chicken","\\ud83d\\udc14"
"rooster","\\ud83d\\udc13"
"hatching_chick","\\ud83d\\udc23"
"baby_chick","\\ud83d\\udc24"
"frontfacing_baby_chick","\\ud83d\\udc25"
"bird","\\ud83d\\udc26"
"penguin","\\ud83d\\udc27"
"dove","\\ud83d\\udd4a"
"eagle","\\ud83e\\udd85"
"duck","\\ud83e\\udd86"
"swan","\\ud83e\\udda2"
"owl","\\ud83e\\udd89"
"dodo","\\ud83e\\udda4"
"feather","\\ud83e\\udeb6"
"flamingo","\\ud83e\\udda9"
"peacock","\\ud83e\\udd9a"
"parrot","\\ud83e\\udd9c"
"frog","\\ud83d\\udc38"
"crocodile","\\ud83d\\udc0a"
"turtle","\\ud83d\\udc22"
"lizard","\\ud83e\\udd8e"
"snake","\\ud83d\\udc0d"
"dragon_face","\\ud83d\\udc32"
"dragon","\\ud83d\\udc09"
"sauropod","\\ud83e\\udd95"
"trex","\\ud83e\\udd96"
"spouting_whale","\\ud83d\\udc33"
"whale","\\ud83d\\udc0b"
"dolphin","\\ud83d\\udc2c"
"seal","\\ud83e\\uddad"
"fish","\\ud83d\\udc1f"
"tropical_fish","\\ud83d\\udc20"
"blowfish","\\ud83d\\udc21"
"shark","\\ud83e\\udd88"
"octopus","\\ud83d\\udc19"
"spiral_shell","\\ud83d\\udc1a"
"⊛_coral","\\ud83e\\udeb8"
"snail","\\ud83d\\udc0c"
"butterfly","\\ud83e\\udd8b"
"bug","\\ud83d\\udc1b"
"ant","\\ud83d\\udc1c"
"honeybee","\\ud83d\\udc1d"
"beetle","\\ud83e\\udeb2"
"lady_beetle","\\ud83d\\udc1e"
"cricket","\\ud83e\\udd97"
"cockroach","\\ud83e\\udeb3"
"spider","\\ud83d\\udd77"
"spider_web","\\ud83d\\udd78"
"scorpion","\\ud83e\\udd82"
"mosquito","\\ud83e\\udd9f"
"fly","\\ud83e\\udeb0"
"worm","\\ud83e\\udeb1"
"microbe","\\ud83e\\udda0"
"bouquet","\\ud83d\\udc90"
"cherry_blossom","\\ud83c\\udf38"
"white_flower","\\ud83d\\udcae"
"⊛_lotus","\\ud83e\\udeb7"
"rosette","\\ud83c\\udff5"
"rose","\\ud83c\\udf39"
"wilted_flower","\\ud83e\\udd40"
"hibiscus","\\ud83c\\udf3a"
"sunflower","\\ud83c\\udf3b"
"blossom","\\ud83c\\udf3c"
"tulip","\\ud83c\\udf37"
"seedling","\\ud83c\\udf31"
"potted_plant","\\ud83e\\udeb4"
"evergreen_tree","\\ud83c\\udf32"
"deciduous_tree","\\ud83c\\udf33"
"palm_tree","\\ud83c\\udf34"
"cactus","\\ud83c\\udf35"
"sheaf_of_rice","\\ud83c\\udf3e"
"herb","\\ud83c\\udf3f"
"shamrock","\\u2618"
"four_leaf_clover","\\ud83c\\udf40"
"maple_leaf","\\ud83c\\udf41"
"fallen_leaf","\\ud83c\\udf42"
"leaf_fluttering_in_wind","\\ud83c\\udf43"
"⊛_empty_nest","\\ud83e\\udeb9"
"⊛_nest_with_eggs","\\ud83e\\udeba"
"grapes","\\ud83c\\udf47"
"melon","\\ud83c\\udf48"
"watermelon","\\ud83c\\udf49"
"tangerine","\\ud83c\\udf4a"
"lemon","\\ud83c\\udf4b"
"banana","\\ud83c\\udf4c"
"pineapple","\\ud83c\\udf4d"
"mango","\\ud83e\\udd6d"
"red_apple","\\ud83c\\udf4e"
"green_apple","\\ud83c\\udf4f"
"pear","\\ud83c\\udf50"
"peach","\\ud83c\\udf51"
"cherries","\\ud83c\\udf52"
"strawberry","\\ud83c\\udf53"
"blueberries","\\ud83e\\uded0"
"kiwi_fruit","\\ud83e\\udd5d"
"tomato","\\ud83c\\udf45"
"olive","\\ud83e\\uded2"
"coconut","\\ud83e\\udd65"
"avocado","\\ud83e\\udd51"
"eggplant","\\ud83c\\udf46"
"potato","\\ud83e\\udd54"
"carrot","\\ud83e\\udd55"
"ear_of_corn","\\ud83c\\udf3d"
"hot_pepper","\\ud83c\\udf36"
"bell_pepper","\\ud83e\\uded1"
"cucumber","\\ud83e\\udd52"
"leafy_green","\\ud83e\\udd6c"
"broccoli","\\ud83e\\udd66"
"garlic","\\ud83e\\uddc4"
"onion","\\ud83e\\uddc5"
"mushroom","\\ud83c\\udf44"
"peanuts","\\ud83e\\udd5c"
"⊛_beans","\\ud83e\\uded8"
"chestnut","\\ud83c\\udf30"
"bread","\\ud83c\\udf5e"
"croissant","\\ud83e\\udd50"
"baguette_bread","\\ud83e\\udd56"
"flatbread","\\ud83e\\uded3"
"pretzel","\\ud83e\\udd68"
"bagel","\\ud83e\\udd6f"
"pancakes","\\ud83e\\udd5e"
"waffle","\\ud83e\\uddc7"
"cheese_wedge","\\ud83e\\uddc0"
"meat_on_bone","\\ud83c\\udf56"
"poultry_leg","\\ud83c\\udf57"
"cut_of_meat","\\ud83e\\udd69"
"bacon","\\ud83e\\udd53"
"hamburger","\\ud83c\\udf54"
"french_fries","\\ud83c\\udf5f"
"pizza","\\ud83c\\udf55"
"hot_dog","\\ud83c\\udf2d"
"sandwich","\\ud83e\\udd6a"
"taco","\\ud83c\\udf2e"
"burrito","\\ud83c\\udf2f"
"tamale","\\ud83e\\uded4"
"stuffed_flatbread","\\ud83e\\udd59"
"falafel","\\ud83e\\uddc6"
"egg","\\ud83e\\udd5a"
"cooking","\\ud83c\\udf73"
"shallow_pan_of_food","\\ud83e\\udd58"
"pot_of_food","\\ud83c\\udf72"
"fondue","\\ud83e\\uded5"
"bowl_with_spoon","\\ud83e\\udd63"
"green_salad","\\ud83e\\udd57"
"popcorn","\\ud83c\\udf7f"
"butter","\\ud83e\\uddc8"
"salt","\\ud83e\\uddc2"
"canned_food","\\ud83e\\udd6b"
"bento_box","\\ud83c\\udf71"
"rice_cracker","\\ud83c\\udf58"
"rice_ball","\\ud83c\\udf59"
"cooked_rice","\\ud83c\\udf5a"
"curry_rice","\\ud83c\\udf5b"
"steaming_bowl","\\ud83c\\udf5c"
"spaghetti","\\ud83c\\udf5d"
"roasted_sweet_potato","\\ud83c\\udf60"
"oden","\\ud83c\\udf62"
"sushi","\\ud83c\\udf63"
"fried_shrimp","\\ud83c\\udf64"
"fish_cake_with_swirl","\\ud83c\\udf65"
"moon_cake","\\ud83e\\udd6e"
"dango","\\ud83c\\udf61"
"dumpling","\\ud83e\\udd5f"
"fortune_cookie","\\ud83e\\udd60"
"takeout_box","\\ud83e\\udd61"
"crab","\\ud83e\\udd80"
"lobster","\\ud83e\\udd9e"
"shrimp","\\ud83e\\udd90"
"squid","\\ud83e\\udd91"
"oyster","\\ud83e\\uddaa"
"soft_ice_cream","\\ud83c\\udf66"
"shaved_ice","\\ud83c\\udf67"
"ice_cream","\\ud83c\\udf68"
"doughnut","\\ud83c\\udf69"
"cookie","\\ud83c\\udf6a"
"birthday_cake","\\ud83c\\udf82"
"shortcake","\\ud83c\\udf70"
"cupcake","\\ud83e\\uddc1"
"pie","\\ud83e\\udd67"
"chocolate_bar","\\ud83c\\udf6b"
"candy","\\ud83c\\udf6c"
"lollipop","\\ud83c\\udf6d"
"custard","\\ud83c\\udf6e"
"honey_pot","\\ud83c\\udf6f"
"baby_bottle","\\ud83c\\udf7c"
"glass_of_milk","\\ud83e\\udd5b"
"hot_beverage","\\u2615"
"teapot","\\ud83e\\uded6"
"teacup_without_handle","\\ud83c\\udf75"
"sake","\\ud83c\\udf76"
"bottle_with_popping_cork","\\ud83c\\udf7e"
"wine_glass","\\ud83c\\udf77"
"cocktail_glass","\\ud83c\\udf78"
"tropical_drink","\\ud83c\\udf79"
"beer_mug","\\ud83c\\udf7a"
"clinking_beer_mugs","\\ud83c\\udf7b"
"clinking_glasses","\\ud83e\\udd42"
"tumbler_glass","\\ud83e\\udd43"
"⊛_pouring_liquid","\\ud83e\\uded7"
"cup_with_straw","\\ud83e\\udd64"
"bubble_tea","\\ud83e\\uddcb"
"beverage_box","\\ud83e\\uddc3"
"mate","\\ud83e\\uddc9"
"ice","\\ud83e\\uddca"
"chopsticks","\\ud83e\\udd62"
"fork_and_knife_with_plate","\\ud83c\\udf7d"
"fork_and_knife","\\ud83c\\udf74"
"spoon","\\ud83e\\udd44"
"kitchen_knife","\\ud83d\\udd2a"
"⊛_jar","\\ud83e\\uded9"
"amphora","\\ud83c\\udffa"
"globe_showing_europeafrica","\\ud83c\\udf0d"
"globe_showing_americas","\\ud83c\\udf0e"
"globe_showing_asiaaustralia","\\ud83c\\udf0f"
"globe_with_meridians","\\ud83c\\udf10"
"world_map","\\ud83d\\uddfa"
"map_of_japan","\\ud83d\\uddfe"
"compass","\\ud83e\\udded"
"snowcapped_mountain","\\ud83c\\udfd4"
"mountain","\\u26F0"
"volcano","\\ud83c\\udf0b"
"mount_fuji","\\ud83d\\uddfb"
"camping","\\ud83c\\udfd5"
"beach_with_umbrella","\\ud83c\\udfd6"
"desert","\\ud83c\\udfdc"
"desert_island","\\ud83c\\udfdd"
"national_park","\\ud83c\\udfde"
"stadium","\\ud83c\\udfdf"
"classical_building","\\ud83c\\udfdb"
"building_construction","\\ud83c\\udfd7"
"brick","\\ud83e\\uddf1"
"rock","\\ud83e\\udea8"
"wood","\\ud83e\\udeb5"
"hut","\\ud83d\\uded6"
"houses","\\ud83c\\udfd8"
"derelict_house","\\ud83c\\udfda"
"house","\\ud83c\\udfe0"
"house_with_garden","\\ud83c\\udfe1"
"office_building","\\ud83c\\udfe2"
"japanese_post_office","\\ud83c\\udfe3"
"post_office","\\ud83c\\udfe4"
"hospital","\\ud83c\\udfe5"
"bank","\\ud83c\\udfe6"
"hotel","\\ud83c\\udfe8"
"love_hotel","\\ud83c\\udfe9"
"convenience_store","\\ud83c\\udfea"
"school","\\ud83c\\udfeb"
"department_store","\\ud83c\\udfec"
"factory","\\ud83c\\udfed"
"japanese_castle","\\ud83c\\udfef"
"castle","\\ud83c\\udff0"
"wedding","\\ud83d\\udc92"
"tokyo_tower","\\ud83d\\uddfc"
"statue_of_liberty","\\ud83d\\uddfd"
"church","\\u26EA"
"mosque","\\ud83d\\udd4c"
"hindu_temple","\\ud83d\\uded5"
"synagogue","\\ud83d\\udd4d"
"shinto_shrine","\\u26E9"
"kaaba","\\ud83d\\udd4b"
"fountain","\\u26F2"
"tent","\\u26FA"
"foggy","\\ud83c\\udf01"
"night_with_stars","\\ud83c\\udf03"
"cityscape","\\ud83c\\udfd9"
"sunrise_over_mountains","\\ud83c\\udf04"
"sunrise","\\ud83c\\udf05"
"cityscape_at_dusk","\\ud83c\\udf06"
"sunset","\\ud83c\\udf07"
"bridge_at_night","\\ud83c\\udf09"
"hot_springs","\\u2668"
"carousel_horse","\\ud83c\\udfa0"
"⊛_playground_slide","\\ud83d\\udedd"
"ferris_wheel","\\ud83c\\udfa1"
"roller_coaster","\\ud83c\\udfa2"
"barber_pole","\\ud83d\\udc88"
"circus_tent","\\ud83c\\udfaa"
"locomotive","\\ud83d\\ude82"
"railway_car","\\ud83d\\ude83"
"highspeed_train","\\ud83d\\ude84"
"bullet_train","\\ud83d\\ude85"
"train","\\ud83d\\ude86"
"metro","\\ud83d\\ude87"
"light_rail","\\ud83d\\ude88"
"station","\\ud83d\\ude89"
"tram","\\ud83d\\ude8a"
"monorail","\\ud83d\\ude9d"
"mountain_railway","\\ud83d\\ude9e"
"tram_car","\\ud83d\\ude8b"
"bus","\\ud83d\\ude8c"
"oncoming_bus","\\ud83d\\ude8d"
"trolleybus","\\ud83d\\ude8e"
"minibus","\\ud83d\\ude90"
"ambulance","\\ud83d\\ude91"
"fire_engine","\\ud83d\\ude92"
"police_car","\\ud83d\\ude93"
"oncoming_police_car","\\ud83d\\ude94"
"taxi","\\ud83d\\ude95"
"oncoming_taxi","\\ud83d\\ude96"
"automobile","\\ud83d\\ude97"
"oncoming_automobile","\\ud83d\\ude98"
"sport_utility_vehicle","\\ud83d\\ude99"
"pickup_truck","\\ud83d\\udefb"
"delivery_truck","\\ud83d\\ude9a"
"articulated_lorry","\\ud83d\\ude9b"
"tractor","\\ud83d\\ude9c"
"racing_car","\\ud83c\\udfce"
"motorcycle","\\ud83c\\udfcd"
"motor_scooter","\\ud83d\\udef5"
"manual_wheelchair","\\ud83e\\uddbd"
"motorized_wheelchair","\\ud83e\\uddbc"
"auto_rickshaw","\\ud83d\\udefa"
"bicycle","\\ud83d\\udeb2"
"kick_scooter","\\ud83d\\udef4"
"skateboard","\\ud83d\\udef9"
"roller_skate","\\ud83d\\udefc"
"bus_stop","\\ud83d\\ude8f"
"motorway","\\ud83d\\udee3"
"railway_track","\\ud83d\\udee4"
"oil_drum","\\ud83d\\udee2"
"fuel_pump","\\u26FD"
"⊛_wheel","\\ud83d\\udede"
"police_car_light","\\ud83d\\udea8"
"horizontal_traffic_light","\\ud83d\\udea5"
"vertical_traffic_light","\\ud83d\\udea6"
"stop_sign","\\ud83d\\uded1"
"construction","\\ud83d\\udea7"
"anchor","\\u2693"
"⊛_ring_buoy","\\ud83d\\udedf"
"sailboat","\\u26F5"
"canoe","\\ud83d\\udef6"
"speedboat","\\ud83d\\udea4"
"passenger_ship","\\ud83d\\udef3"
"ferry","\\u26F4"
"motor_boat","\\ud83d\\udee5"
"ship","\\ud83d\\udea2"
"airplane","\\u2708"
"small_airplane","\\ud83d\\udee9"
"airplane_departure","\\ud83d\\udeeb"
"airplane_arrival","\\ud83d\\udeec"
"parachute","\\ud83e\\ude82"
"seat","\\ud83d\\udcba"
"helicopter","\\ud83d\\ude81"
"suspension_railway","\\ud83d\\ude9f"
"mountain_cableway","\\ud83d\\udea0"
"aerial_tramway","\\ud83d\\udea1"
"satellite","\\ud83d\\udef0"
"rocket","\\ud83d\\ude80"
"flying_saucer","\\ud83d\\udef8"
"bellhop_bell","\\ud83d\\udece"
"luggage","\\ud83e\\uddf3"
"hourglass_done","\\u231B"
"hourglass_not_done","\\u23F3"
"watch","\\u231A"
"alarm_clock","\\u23F0"
"stopwatch","\\u23F1"
"timer_clock","\\u23F2"
"mantelpiece_clock","\\ud83d\\udd70"
"twelve_o’clock","\\ud83d\\udd5b"
"twelvethirty","\\ud83d\\udd67"
"one_o’clock","\\ud83d\\udd50"
"onethirty","\\ud83d\\udd5c"
"two_o’clock","\\ud83d\\udd51"
"twothirty","\\ud83d\\udd5d"
"three_o’clock","\\ud83d\\udd52"
"threethirty","\\ud83d\\udd5e"
"four_o’clock","\\ud83d\\udd53"
"fourthirty","\\ud83d\\udd5f"
"five_o’clock","\\ud83d\\udd54"
"fivethirty","\\ud83d\\udd60"
"six_o’clock","\\ud83d\\udd55"
"sixthirty","\\ud83d\\udd61"
"seven_o’clock","\\ud83d\\udd56"
"seventhirty","\\ud83d\\udd62"
"eight_o’clock","\\ud83d\\udd57"
"eightthirty","\\ud83d\\udd63"
"nine_o’clock","\\ud83d\\udd58"
"ninethirty","\\ud83d\\udd64"
"ten_o’clock","\\ud83d\\udd59"
"tenthirty","\\ud83d\\udd65"
"eleven_o’clock","\\ud83d\\udd5a"
"eleventhirty","\\ud83d\\udd66"
"new_moon","\\ud83c\\udf11"
"waxing_crescent_moon","\\ud83c\\udf12"
"first_quarter_moon","\\ud83c\\udf13"
"waxing_gibbous_moon","\\ud83c\\udf14"
"full_moon","\\ud83c\\udf15"
"waning_gibbous_moon","\\ud83c\\udf16"
"last_quarter_moon","\\ud83c\\udf17"
"waning_crescent_moon","\\ud83c\\udf18"
"crescent_moon","\\ud83c\\udf19"
"new_moon_face","\\ud83c\\udf1a"
"first_quarter_moon_face","\\ud83c\\udf1b"
"last_quarter_moon_face","\\ud83c\\udf1c"
"thermometer","\\ud83c\\udf21"
"sun","\\u2600"
"full_moon_face","\\ud83c\\udf1d"
"sun_with_face","\\ud83c\\udf1e"
"ringed_planet","\\ud83e\\ude90"
"star","\\u2B50"
"glowing_star","\\ud83c\\udf1f"
"shooting_star","\\ud83c\\udf20"
"milky_way","\\ud83c\\udf0c"
"cloud","\\u2601"
"sun_behind_cloud","\\u26C5"
"cloud_with_lightning_and_rain","\\u26C8"
"sun_behind_small_cloud","\\ud83c\\udf24"
"sun_behind_large_cloud","\\ud83c\\udf25"
"sun_behind_rain_cloud","\\ud83c\\udf26"
"cloud_with_rain","\\ud83c\\udf27"
"cloud_with_snow","\\ud83c\\udf28"
"cloud_with_lightning","\\ud83c\\udf29"
"tornado","\\ud83c\\udf2a"
"fog","\\ud83c\\udf2b"
"wind_face","\\ud83c\\udf2c"
"cyclone","\\ud83c\\udf00"
"rainbow","\\ud83c\\udf08"
"closed_umbrella","\\ud83c\\udf02"
"umbrella","\\u2602"
"umbrella_with_rain_drops","\\u2614"
"umbrella_on_ground","\\u26F1"
"high_voltage","\\u26A1"
"snowflake","\\u2744"
"snowman","\\u2603"
"snowman_without_snow","\\u26C4"
"comet","\\u2604"
"fire","\\ud83d\\udd25"
"droplet","\\ud83d\\udca7"
"water_wave","\\ud83c\\udf0a"
"jackolantern","\\ud83c\\udf83"
"christmas_tree","\\ud83c\\udf84"
"fireworks","\\ud83c\\udf86"
"sparkler","\\ud83c\\udf87"
"firecracker","\\ud83e\\udde8"
"sparkles","\\u2728"
"balloon","\\ud83c\\udf88"
"party_popper","\\ud83c\\udf89"
"confetti_ball","\\ud83c\\udf8a"
"tanabata_tree","\\ud83c\\udf8b"
"pine_decoration","\\ud83c\\udf8d"
"japanese_dolls","\\ud83c\\udf8e"
"carp_streamer","\\ud83c\\udf8f"
"wind_chime","\\ud83c\\udf90"
"moon_viewing_ceremony","\\ud83c\\udf91"
"red_envelope","\\ud83e\\udde7"
"ribbon","\\ud83c\\udf80"
"wrapped_gift","\\ud83c\\udf81"
"reminder_ribbon","\\ud83c\\udf97"
"admission_tickets","\\ud83c\\udf9f"
"ticket","\\ud83c\\udfab"
"military_medal","\\ud83c\\udf96"
"trophy","\\ud83c\\udfc6"
"sports_medal","\\ud83c\\udfc5"
"1st_place_medal","\\ud83e\\udd47"
"2nd_place_medal","\\ud83e\\udd48"
"3rd_place_medal","\\ud83e\\udd49"
"soccer_ball","\\u26BD"
"baseball","\\u26BE"
"softball","\\ud83e\\udd4e"
"basketball","\\ud83c\\udfc0"
"volleyball","\\ud83c\\udfd0"
"american_football","\\ud83c\\udfc8"
"rugby_football","\\ud83c\\udfc9"
"tennis","\\ud83c\\udfbe"
"flying_disc","\\ud83e\\udd4f"
"bowling","\\ud83c\\udfb3"
"cricket_game","\\ud83c\\udfcf"
"field_hockey","\\ud83c\\udfd1"
"ice_hockey","\\ud83c\\udfd2"
"lacrosse","\\ud83e\\udd4d"
"ping_pong","\\ud83c\\udfd3"
"badminton","\\ud83c\\udff8"
"boxing_glove","\\ud83e\\udd4a"
"martial_arts_uniform","\\ud83e\\udd4b"
"goal_net","\\ud83e\\udd45"
"flag_in_hole","\\u26F3"
"ice_skate","\\u26F8"
"fishing_pole","\\ud83c\\udfa3"
"diving_mask","\\ud83e\\udd3f"
"running_shirt","\\ud83c\\udfbd"
"skis","\\ud83c\\udfbf"
"sled","\\ud83d\\udef7"
"curling_stone","\\ud83e\\udd4c"
"bullseye","\\ud83c\\udfaf"
"yoyo","\\ud83e\\ude80"
"kite","\\ud83e\\ude81"
"pool_8_ball","\\ud83c\\udfb1"
"crystal_ball","\\ud83d\\udd2e"
"magic_wand","\\ud83e\\ude84"
"nazar_amulet","\\ud83e\\uddff"
"⊛_hamsa","\\ud83e\\udeac"
"video_game","\\ud83c\\udfae"
"joystick","\\ud83d\\udd79"
"slot_machine","\\ud83c\\udfb0"
"game_die","\\ud83c\\udfb2"
"puzzle_piece","\\ud83e\\udde9"
"teddy_bear","\\ud83e\\uddf8"
"piñata","\\ud83e\\ude85"
"⊛_mirror_ball","\\ud83e\\udea9"
"nesting_dolls","\\ud83e\\ude86"
"spade_suit","\\u2660"
"heart_suit","\\u2665"
"diamond_suit","\\u2666"
"club_suit","\\u2663"
"chess_pawn","\\u265F"
"joker","\\ud83c\\udccf"
"mahjong_red_dragon","\\ud83c\\udc04"
"flower_playing_cards","\\ud83c\\udfb4"
"performing_arts","\\ud83c\\udfad"
"framed_picture","\\ud83d\\uddbc"
"artist_palette","\\ud83c\\udfa8"
"thread","\\ud83e\\uddf5"
"sewing_needle","\\ud83e\\udea1"
"yarn","\\ud83e\\uddf6"
"knot","\\ud83e\\udea2"
"glasses","\\ud83d\\udc53"
"sunglasses","\\ud83d\\udd76"
"goggles","\\ud83e\\udd7d"
"lab_coat","\\ud83e\\udd7c"
"safety_vest","\\ud83e\\uddba"
"necktie","\\ud83d\\udc54"
"tshirt","\\ud83d\\udc55"
"jeans","\\ud83d\\udc56"
"scarf","\\ud83e\\udde3"
"gloves","\\ud83e\\udde4"
"coat","\\ud83e\\udde5"
"socks","\\ud83e\\udde6"
"dress","\\ud83d\\udc57"
"kimono","\\ud83d\\udc58"
"sari","\\ud83e\\udd7b"
"onepiece_swimsuit","\\ud83e\\ude71"
"briefs","\\ud83e\\ude72"
"shorts","\\ud83e\\ude73"
"bikini","\\ud83d\\udc59"
"woman’s_clothes","\\ud83d\\udc5a"
"purse","\\ud83d\\udc5b"
"handbag","\\ud83d\\udc5c"
"clutch_bag","\\ud83d\\udc5d"
"shopping_bags","\\ud83d\\udecd"
"backpack","\\ud83c\\udf92"
"thong_sandal","\\ud83e\\ude74"
"man’s_shoe","\\ud83d\\udc5e"
"running_shoe","\\ud83d\\udc5f"
"hiking_boot","\\ud83e\\udd7e"
"flat_shoe","\\ud83e\\udd7f"
"highheeled_shoe","\\ud83d\\udc60"
"woman’s_sandal","\\ud83d\\udc61"
"ballet_shoes","\\ud83e\\ude70"
"woman’s_boot","\\ud83d\\udc62"
"crown","\\ud83d\\udc51"
"woman’s_hat","\\ud83d\\udc52"
"top_hat","\\ud83c\\udfa9"
"graduation_cap","\\ud83c\\udf93"
"billed_cap","\\ud83e\\udde2"
"military_helmet","\\ud83e\\ude96"
"rescue_worker’s_helmet","\\u26D1"
"prayer_beads","\\ud83d\\udcff"
"lipstick","\\ud83d\\udc84"
"ring","\\ud83d\\udc8d"
"gem_stone","\\ud83d\\udc8e"
"muted_speaker","\\ud83d\\udd07"
"speaker_low_volume","\\ud83d\\udd08"
"speaker_medium_volume","\\ud83d\\udd09"
"speaker_high_volume","\\ud83d\\udd0a"
"loudspeaker","\\ud83d\\udce2"
"megaphone","\\ud83d\\udce3"
"postal_horn","\\ud83d\\udcef"
"bell","\\ud83d\\udd14"
"bell_with_slash","\\ud83d\\udd15"
"musical_score","\\ud83c\\udfbc"
"musical_note","\\ud83c\\udfb5"
"musical_notes","\\ud83c\\udfb6"
"studio_microphone","\\ud83c\\udf99"
"level_slider","\\ud83c\\udf9a"
"control_knobs","\\ud83c\\udf9b"
"microphone","\\ud83c\\udfa4"
"headphone","\\ud83c\\udfa7"
"radio","\\ud83d\\udcfb"
"saxophone","\\ud83c\\udfb7"
"accordion","\\ud83e\\ude97"
"guitar","\\ud83c\\udfb8"
"musical_keyboard","\\ud83c\\udfb9"
"trumpet","\\ud83c\\udfba"
"violin","\\ud83c\\udfbb"
"banjo","\\ud83e\\ude95"
"drum","\\ud83e\\udd41"
"long_drum","\\ud83e\\ude98"
"mobile_phone","\\ud83d\\udcf1"
"mobile_phone_with_arrow","\\ud83d\\udcf2"
"telephone","\\u260E"
"telephone_receiver","\\ud83d\\udcde"
"pager","\\ud83d\\udcdf"
"fax_machine","\\ud83d\\udce0"
"battery","\\ud83d\\udd0b"
"⊛_low_battery","\\ud83e\\udeab"
"electric_plug","\\ud83d\\udd0c"
"laptop","\\ud83d\\udcbb"
"desktop_computer","\\ud83d\\udda5"
"printer","\\ud83d\\udda8"
"keyboard","\\u2328"
"computer_mouse","\\ud83d\\uddb1"
"trackball","\\ud83d\\uddb2"
"computer_disk","\\ud83d\\udcbd"
"floppy_disk","\\ud83d\\udcbe"
"optical_disk","\\ud83d\\udcbf"
"dvd","\\ud83d\\udcc0"
"abacus","\\ud83e\\uddee"
"movie_camera","\\ud83c\\udfa5"
"film_frames","\\ud83c\\udf9e"
"film_projector","\\ud83d\\udcfd"
"clapper_board","\\ud83c\\udfac"
"television","\\ud83d\\udcfa"
"camera","\\ud83d\\udcf7"
"camera_with_flash","\\ud83d\\udcf8"
"video_camera","\\ud83d\\udcf9"
"videocassette","\\ud83d\\udcfc"
"magnifying_glass_tilted_left","\\ud83d\\udd0d"
"magnifying_glass_tilted_right","\\ud83d\\udd0e"
"candle","\\ud83d\\udd6f"
"light_bulb","\\ud83d\\udca1"
"flashlight","\\ud83d\\udd26"
"red_paper_lantern","\\ud83c\\udfee"
"diya_lamp","\\ud83e\\ude94"
"notebook_with_decorative_cover","\\ud83d\\udcd4"
"closed_book","\\ud83d\\udcd5"
"open_book","\\ud83d\\udcd6"
"green_book","\\ud83d\\udcd7"
"blue_book","\\ud83d\\udcd8"
"orange_book","\\ud83d\\udcd9"
"books","\\ud83d\\udcda"
"notebook","\\ud83d\\udcd3"
"ledger","\\ud83d\\udcd2"
"page_with_curl","\\ud83d\\udcc3"
"scroll","\\ud83d\\udcdc"
"page_facing_up","\\ud83d\\udcc4"
"newspaper","\\ud83d\\udcf0"
"rolledup_newspaper","\\ud83d\\uddde"
"bookmark_tabs","\\ud83d\\udcd1"
"bookmark","\\ud83d\\udd16"
"label","\\ud83c\\udff7"
"money_bag","\\ud83d\\udcb0"
"coin","\\ud83e\\ude99"
"yen_banknote","\\ud83d\\udcb4"
"dollar_banknote","\\ud83d\\udcb5"
"euro_banknote","\\ud83d\\udcb6"
"pound_banknote","\\ud83d\\udcb7"
"money_with_wings","\\ud83d\\udcb8"
"credit_card","\\ud83d\\udcb3"
"receipt","\\ud83e\\uddfe"
"chart_increasing_with_yen","\\ud83d\\udcb9"
"envelope","\\u2709"
"email","\\ud83d\\udce7"
"incoming_envelope","\\ud83d\\udce8"
"envelope_with_arrow","\\ud83d\\udce9"
"outbox_tray","\\ud83d\\udce4"
"inbox_tray","\\ud83d\\udce5"
"package","\\ud83d\\udce6"
"closed_mailbox_with_raised_flag","\\ud83d\\udceb"
"closed_mailbox_with_lowered_flag","\\ud83d\\udcea"
"open_mailbox_with_raised_flag","\\ud83d\\udcec"
"open_mailbox_with_lowered_flag","\\ud83d\\udced"
"postbox","\\ud83d\\udcee"
"ballot_box_with_ballot","\\ud83d\\uddf3"
"pencil","\\u270F"
"black_nib","\\u2712"
"fountain_pen","\\ud83d\\udd8b"
"pen","\\ud83d\\udd8a"
"paintbrush","\\ud83d\\udd8c"
"crayon","\\ud83d\\udd8d"
"memo","\\ud83d\\udcdd"
"briefcase","\\ud83d\\udcbc"
"file_folder","\\ud83d\\udcc1"
"open_file_folder","\\ud83d\\udcc2"
"card_index_dividers","\\ud83d\\uddc2"
"calendar","\\ud83d\\udcc5"
"tearoff_calendar","\\ud83d\\udcc6"
"spiral_notepad","\\ud83d\\uddd2"
"spiral_calendar","\\ud83d\\uddd3"
"card_index","\\ud83d\\udcc7"
"chart_increasing","\\ud83d\\udcc8"
"chart_decreasing","\\ud83d\\udcc9"
"bar_chart","\\ud83d\\udcca"
"clipboard","\\ud83d\\udccb"
"pushpin","\\ud83d\\udccc"
"round_pushpin","\\ud83d\\udccd"
"paperclip","\\ud83d\\udcce"
"linked_paperclips","\\ud83d\\udd87"
"straight_ruler","\\ud83d\\udccf"
"triangular_ruler","\\ud83d\\udcd0"
"scissors","\\u2702"
"card_file_box","\\ud83d\\uddc3"
"file_cabinet","\\ud83d\\uddc4"
"wastebasket","\\ud83d\\uddd1"
"locked","\\ud83d\\udd12"
"unlocked","\\ud83d\\udd13"
"locked_with_pen","\\ud83d\\udd0f"
"locked_with_key","\\ud83d\\udd10"
"key","\\ud83d\\udd11"
"old_key","\\ud83d\\udddd"
"hammer","\\ud83d\\udd28"
"axe","\\ud83e\\ude93"
"pick","\\u26CF"
"hammer_and_pick","\\u2692"
"hammer_and_wrench","\\ud83d\\udee0"
"dagger","\\ud83d\\udde1"
"crossed_swords","\\u2694"
"water_pistol","\\ud83d\\udd2b"
"boomerang","\\ud83e\\ude83"
"bow_and_arrow","\\ud83c\\udff9"
"shield","\\ud83d\\udee1"
"carpentry_saw","\\ud83e\\ude9a"
"wrench","\\ud83d\\udd27"
"screwdriver","\\ud83e\\ude9b"
"nut_and_bolt","\\ud83d\\udd29"
"gear","\\u2699"
"clamp","\\ud83d\\udddc"
"balance_scale","\\u2696"
"white_cane","\\ud83e\\uddaf"
"link","\\ud83d\\udd17"
"chains","\\u26D3"
"hook","\\ud83e\\ude9d"
"toolbox","\\ud83e\\uddf0"
"magnet","\\ud83e\\uddf2"
"ladder","\\ud83e\\ude9c"
"alembic","\\u2697"
"test_tube","\\ud83e\\uddea"
"petri_dish","\\ud83e\\uddeb"
"dna","\\ud83e\\uddec"
"microscope","\\ud83d\\udd2c"
"telescope","\\ud83d\\udd2d"
"satellite_antenna","\\ud83d\\udce1"
"syringe","\\ud83d\\udc89"
"drop_of_blood","\\ud83e\\ude78"
"pill","\\ud83d\\udc8a"
"adhesive_bandage","\\ud83e\\ude79"
"⊛_crutch","\\ud83e\\ude7c"
"stethoscope","\\ud83e\\ude7a"
"⊛_xray","\\ud83e\\ude7b"
"door","\\ud83d\\udeaa"
"elevator","\\ud83d\\uded7"
"mirror","\\ud83e\\ude9e"
"window","\\ud83e\\ude9f"
"bed","\\ud83d\\udecf"
"couch_and_lamp","\\ud83d\\udecb"
"chair","\\ud83e\\ude91"
"toilet","\\ud83d\\udebd"
"plunger","\\ud83e\\udea0"
"shower","\\ud83d\\udebf"
"bathtub","\\ud83d\\udec1"
"mouse_trap","\\ud83e\\udea4"
"razor","\\ud83e\\ude92"
"lotion_bottle","\\ud83e\\uddf4"
"safety_pin","\\ud83e\\uddf7"
"broom","\\ud83e\\uddf9"
"basket","\\ud83e\\uddfa"
"roll_of_paper","\\ud83e\\uddfb"
"bucket","\\ud83e\\udea3"
"soap","\\ud83e\\uddfc"
"⊛_bubbles","\\ud83e\\udee7"
"toothbrush","\\ud83e\\udea5"
"sponge","\\ud83e\\uddfd"
"fire_extinguisher","\\ud83e\\uddef"
"shopping_cart","\\ud83d\\uded2"
"cigarette","\\ud83d\\udeac"
"coffin","\\u26B0"
"headstone","\\ud83e\\udea6"
"funeral_urn","\\u26B1"
"moai","\\ud83d\\uddff"
"placard","\\ud83e\\udea7"
"⊛_identification_card","\\ud83e\\udeaa"
"atm_sign","\\ud83c\\udfe7"
"litter_in_bin_sign","\\ud83d\\udeae"
"potable_water","\\ud83d\\udeb0"
"wheelchair_symbol","\\u267F"
"men’s_room","\\ud83d\\udeb9"
"women’s_room","\\ud83d\\udeba"
"restroom","\\ud83d\\udebb"
"baby_symbol","\\ud83d\\udebc"
"water_closet","\\ud83d\\udebe"
"passport_control","\\ud83d\\udec2"
"customs","\\ud83d\\udec3"
"baggage_claim","\\ud83d\\udec4"
"left_luggage","\\ud83d\\udec5"
"warning","\\u26A0"
"children_crossing","\\ud83d\\udeb8"
"no_entry","\\u26D4"
"prohibited","\\ud83d\\udeab"
"no_bicycles","\\ud83d\\udeb3"
"no_smoking","\\ud83d\\udead"
"no_littering","\\ud83d\\udeaf"
"nonpotable_water","\\ud83d\\udeb1"
"no_pedestrians","\\ud83d\\udeb7"
"no_mobile_phones","\\ud83d\\udcf5"
"no_one_under_eighteen","\\ud83d\\udd1e"
"radioactive","\\u2622"
"biohazard","\\u2623"
"up_arrow","\\u2B06"
"upright_arrow","\\u2197"
"right_arrow","\\u27A1"
"downright_arrow","\\u2198"
"down_arrow","\\u2B07"
"downleft_arrow","\\u2199"
"left_arrow","\\u2B05"
"upleft_arrow","\\u2196"
"updown_arrow","\\u2195"
"leftright_arrow","\\u2194"
"right_arrow_curving_left","\\u21A9"
"left_arrow_curving_right","\\u21AA"
"right_arrow_curving_up","\\u2934"
"right_arrow_curving_down","\\u2935"
"clockwise_vertical_arrows","\\ud83d\\udd03"
"counterclockwise_arrows_button","\\ud83d\\udd04"
"back_arrow","\\ud83d\\udd19"
"end_arrow","\\ud83d\\udd1a"
"on_arrow","\\ud83d\\udd1b"
"soon_arrow","\\ud83d\\udd1c"
"top_arrow","\\ud83d\\udd1d"
"place_of_worship","\\ud83d\\uded0"
"atom_symbol","\\u269B"
"om","\\ud83d\\udd49"
"star_of_david","\\u2721"
"wheel_of_dharma","\\u2638"
"yin_yang","\\u262F"
"latin_cross","\\u271D"
"orthodox_cross","\\u2626"
"star_and_crescent","\\u262A"
"peace_symbol","\\u262E"
"menorah","\\ud83d\\udd4e"
"dotted_sixpointed_star","\\ud83d\\udd2f"
"aries","\\u2648"
"taurus","\\u2649"
"gemini","\\u264A"
"cancer","\\u264B"
"leo","\\u264C"
"virgo","\\u264D"
"libra","\\u264E"
"scorpio","\\u264F"
"sagittarius","\\u2650"
"capricorn","\\u2651"
"aquarius","\\u2652"
"pisces","\\u2653"
"ophiuchus","\\u26CE"
"shuffle_tracks_button","\\ud83d\\udd00"
"repeat_button","\\ud83d\\udd01"
"repeat_single_button","\\ud83d\\udd02"
"play_button","\\u25B6"
"fastforward_button","\\u23E9"
"next_track_button","\\u23ED"
"play_or_pause_button","\\u23EF"
"reverse_button","\\u25C0"
"fast_reverse_button","\\u23EA"
"last_track_button","\\u23EE"
"upwards_button","\\ud83d\\udd3c"
"fast_up_button","\\u23EB"
"downwards_button","\\ud83d\\udd3d"
"fast_down_button","\\u23EC"
"pause_button","\\u23F8"
"stop_button","\\u23F9"
"record_button","\\u23FA"
"eject_button","\\u23CF"
"cinema","\\ud83c\\udfa6"
"dim_button","\\ud83d\\udd05"
"bright_button","\\ud83d\\udd06"
"antenna_bars","\\ud83d\\udcf6"
"vibration_mode","\\ud83d\\udcf3"
"mobile_phone_off","\\ud83d\\udcf4"
"female_sign","\\u2640"
"male_sign","\\u2642"
"transgender_symbol","\\u26A7"
"multiply","\\u2716"
"plus","\\u2795"
"minus","\\u2796"
"divide","\\u2797"
"⊛_heavy_equals_sign","\\ud83d\\udff0"
"infinity","\\u267E"
"double_exclamation_mark","\\u203C"
"exclamation_question_mark","\\u2049"
"red_question_mark","\\u2753"
"white_question_mark","\\u2754"
"white_exclamation_mark","\\u2755"
"red_exclamation_mark","\\u2757"
"wavy_dash","\\u3030"
"currency_exchange","\\ud83d\\udcb1"
"heavy_dollar_sign","\\ud83d\\udcb2"
"medical_symbol","\\u2695"
"recycling_symbol","\\u267B"
"fleurdelis","\\u269C"
"trident_emblem","\\ud83d\\udd31"
"name_badge","\\ud83d\\udcdb"
"japanese_symbol_for_beginner","\\ud83d\\udd30"
"hollow_red_circle","\\u2B55"
"check_mark_button","\\u2705"
"check_box_with_check","\\u2611"
"check_mark","\\u2714"
"cross_mark","\\u274C"
"cross_mark_button","\\u274E"
"curly_loop","\\u27B0"
"double_curly_loop","\\u27BF"
"part_alternation_mark","\\u303D"
"eightspoked_asterisk","\\u2733"
"eightpointed_star","\\u2734"
"sparkle","\\u2747"
"copyright","\\u00A9"
"registered","\\u00AE"
"trade_mark","\\u2122"
"keycap_","\\u0023\\uFE0F\\u20E3"
"keycap_","\\u002A\\uFE0F\\u20E3"
"keycap_0","\\u0030\\uFE0F\\u20E3"
"keycap_1","\\u0031\\uFE0F\\u20E3"
"keycap_2","\\u0032\\uFE0F\\u20E3"
"keycap_3","\\u0033\\uFE0F\\u20E3"
"keycap_4","\\u0034\\uFE0F\\u20E3"
"keycap_5","\\u0035\\uFE0F\\u20E3"
"keycap_6","\\u0036\\uFE0F\\u20E3"
"keycap_7","\\u0037\\uFE0F\\u20E3"
"keycap_8","\\u0038\\uFE0F\\u20E3"
"keycap_9","\\u0039\\uFE0F\\u20E3"
"keycap_10","\\ud83d\\udd1f"
"input_latin_uppercase","\\ud83d\\udd20"
"input_latin_lowercase","\\ud83d\\udd21"
"input_numbers","\\ud83d\\udd22"
"input_symbols","\\ud83d\\udd23"
"input_latin_letters","\\ud83d\\udd24"
"a_button_blood_type","\\ud83c\\udd70"
"ab_button_blood_type","\\ud83c\\udd8e"
"b_button_blood_type","\\ud83c\\udd71"
"cl_button","\\ud83c\\udd91"
"cool_button","\\ud83c\\udd92"
"free_button","\\ud83c\\udd93"
"information","\\u2139"
"id_button","\\ud83c\\udd94"
"circled_m","\\u24C2"
"new_button","\\ud83c\\udd95"
"ng_button","\\ud83c\\udd96"
"o_button_blood_type","\\ud83c\\udd7e"
"ok_button","\\ud83c\\udd97"
"p_button","\\ud83c\\udd7f"
"sos_button","\\ud83c\\udd98"
"up_button","\\ud83c\\udd99"
"vs_button","\\ud83c\\udd9a"
"japanese_“here”_button","\\ud83c\\ude01"
"japanese_“service_charge”_button","\\ud83c\\ude02"
"japanese_“monthly_amount”_button","\\ud83c\\ude37"
"japanese_“not_free_of_charge”_button","\\ud83c\\ude36"
"japanese_“reserved”_button","\\ud83c\\ude2f"
"japanese_“bargain”_button","\\ud83c\\ude50"
"japanese_“discount”_button","\\ud83c\\ude39"
"japanese_“free_of_charge”_button","\\ud83c\\ude1a"
"japanese_“prohibited”_button","\\ud83c\\ude32"
"japanese_“acceptable”_button","\\ud83c\\ude51"
"japanese_“application”_button","\\ud83c\\ude38"
"japanese_“passing_grade”_button","\\ud83c\\ude34"
"japanese_“vacancy”_button","\\ud83c\\ude33"
"japanese_“congratulations”_button","\\u3297"
"japanese_“secret”_button","\\u3299"
"japanese_“open_for_business”_button","\\ud83c\\ude3a"
"japanese_“no_vacancy”_button","\\ud83c\\ude35"
"red_circle","\\ud83d\\udd34"
"orange_circle","\\ud83d\\udfe0"
"yellow_circle","\\ud83d\\udfe1"
"green_circle","\\ud83d\\udfe2"
"blue_circle","\\ud83d\\udd35"
"purple_circle","\\ud83d\\udfe3"
"brown_circle","\\ud83d\\udfe4"
"black_circle","\\u26AB"
"white_circle","\\u26AA"
"red_square","\\ud83d\\udfe5"
"orange_square","\\ud83d\\udfe7"
"yellow_square","\\ud83d\\udfe8"
"green_square","\\ud83d\\udfe9"
"blue_square","\\ud83d\\udfe6"
"purple_square","\\ud83d\\udfea"
"brown_square","\\ud83d\\udfeb"
"black_large_square","\\u2B1B"
"white_large_square","\\u2B1C"
"black_medium_square","\\u25FC"
"white_medium_square","\\u25FB"
"black_mediumsmall_square","\\u25FE"
"white_mediumsmall_square","\\u25FD"
"black_small_square","\\u25AA"
"white_small_square","\\u25AB"
"large_orange_diamond","\\ud83d\\udd36"
"large_blue_diamond","\\ud83d\\udd37"
"small_orange_diamond","\\ud83d\\udd38"
"small_blue_diamond","\\ud83d\\udd39"
"red_triangle_pointed_up","\\ud83d\\udd3a"
"red_triangle_pointed_down","\\ud83d\\udd3b"
"diamond_with_a_dot","\\ud83d\\udca0"
"radio_button","\\ud83d\\udd18"
"white_square_button","\\ud83d\\udd33"
"black_square_button","\\ud83d\\udd32"
"chequered_flag","\\ud83c\\udfc1"
"triangular_flag","\\ud83d\\udea9"
"crossed_flags","\\ud83c\\udf8c"
"black_flag","\\ud83c\\udff4"
"white_flag","\\ud83c\\udff3"
"rainbow_flag","\\ud83c\\udff3\\uFE0F\\u200D\\ud83c\\udf08"
"transgender_flag","\\ud83c\\udff3\\uFE0F\\u200D\\u26A7\\uFE0F"
"pirate_flag","\\ud83c\\udff4\\u200D\\u2620\\uFE0F"
"flag_ascension_island","\\ud83c\\udde6\\ud83c\\udde8"
"flag_andorra","\\ud83c\\udde6\\ud83c\\udde9"
"flag_united_arab_emirates","\\ud83c\\udde6\\ud83c\\uddea"
"flag_afghanistan","\\ud83c\\udde6\\ud83c\\uddeb"
"flag_antigua_barbuda","\\ud83c\\udde6\\ud83c\\uddec"
"flag_anguilla","\\ud83c\\udde6\\ud83c\\uddee"
"flag_albania","\\ud83c\\udde6\\ud83c\\uddf1"
"flag_armenia","\\ud83c\\udde6\\ud83c\\uddf2"
"flag_angola","\\ud83c\\udde6\\ud83c\\uddf4"
"flag_antarctica","\\ud83c\\udde6\\ud83c\\uddf6"
"flag_argentina","\\ud83c\\udde6\\ud83c\\uddf7"
"flag_american_samoa","\\ud83c\\udde6\\ud83c\\uddf8"
"flag_austria","\\ud83c\\udde6\\ud83c\\uddf9"
"flag_australia","\\ud83c\\udde6\\ud83c\\uddfa"
"flag_aruba","\\ud83c\\udde6\\ud83c\\uddfc"
"flag_åland_islands","\\ud83c\\udde6\\ud83c\\uddfd"
"flag_azerbaijan","\\ud83c\\udde6\\ud83c\\uddff"
"flag_bosnia_herzegovina","\\ud83c\\udde7\\ud83c\\udde6"
"flag_barbados","\\ud83c\\udde7\\ud83c\\udde7"
"flag_bangladesh","\\ud83c\\udde7\\ud83c\\udde9"
"flag_belgium","\\ud83c\\udde7\\ud83c\\uddea"
"flag_burkina_faso","\\ud83c\\udde7\\ud83c\\uddeb"
"flag_bulgaria","\\ud83c\\udde7\\ud83c\\uddec"
"flag_bahrain","\\ud83c\\udde7\\ud83c\\udded"
"flag_burundi","\\ud83c\\udde7\\ud83c\\uddee"
"flag_benin","\\ud83c\\udde7\\ud83c\\uddef"
"flag_st_barthélemy","\\ud83c\\udde7\\ud83c\\uddf1"
"flag_bermuda","\\ud83c\\udde7\\ud83c\\uddf2"
"flag_brunei","\\ud83c\\udde7\\ud83c\\uddf3"
"flag_bolivia","\\ud83c\\udde7\\ud83c\\uddf4"
"flag_caribbean_netherlands","\\ud83c\\udde7\\ud83c\\uddf6"
"flag_brazil","\\ud83c\\udde7\\ud83c\\uddf7"
"flag_bahamas","\\ud83c\\udde7\\ud83c\\uddf8"
"flag_bhutan","\\ud83c\\udde7\\ud83c\\uddf9"
"flag_bouvet_island","\\ud83c\\udde7\\ud83c\\uddfb"
"flag_botswana","\\ud83c\\udde7\\ud83c\\uddfc"
"flag_belarus","\\ud83c\\udde7\\ud83c\\uddfe"
"flag_belize","\\ud83c\\udde7\\ud83c\\uddff"
"flag_canada","\\ud83c\\udde8\\ud83c\\udde6"
"flag_cocos_keeling_islands","\\ud83c\\udde8\\ud83c\\udde8"
"flag_congo_kinshasa","\\ud83c\\udde8\\ud83c\\udde9"
"flag_central_african_republic","\\ud83c\\udde8\\ud83c\\uddeb"
"flag_congo_brazzaville","\\ud83c\\udde8\\ud83c\\uddec"
"flag_switzerland","\\ud83c\\udde8\\ud83c\\udded"
"flag_côte_d’ivoire","\\ud83c\\udde8\\ud83c\\uddee"
"flag_cook_islands","\\ud83c\\udde8\\ud83c\\uddf0"
"flag_chile","\\ud83c\\udde8\\ud83c\\uddf1"
"flag_cameroon","\\ud83c\\udde8\\ud83c\\uddf2"
"flag_china","\\ud83c\\udde8\\ud83c\\uddf3"
"flag_colombia","\\ud83c\\udde8\\ud83c\\uddf4"
"flag_clipperton_island","\\ud83c\\udde8\\ud83c\\uddf5"
"flag_costa_rica","\\ud83c\\udde8\\ud83c\\uddf7"
"flag_cuba","\\ud83c\\udde8\\ud83c\\uddfa"
"flag_cape_verde","\\ud83c\\udde8\\ud83c\\uddfb"
"flag_curaçao","\\ud83c\\udde8\\ud83c\\uddfc"
"flag_christmas_island","\\ud83c\\udde8\\ud83c\\uddfd"
"flag_cyprus","\\ud83c\\udde8\\ud83c\\uddfe"
"flag_czechia","\\ud83c\\udde8\\ud83c\\uddff"
"flag_germany","\\ud83c\\udde9\\ud83c\\uddea"
"flag_diego_garcia","\\ud83c\\udde9\\ud83c\\uddec"
"flag_djibouti","\\ud83c\\udde9\\ud83c\\uddef"
"flag_denmark","\\ud83c\\udde9\\ud83c\\uddf0"
"flag_dominica","\\ud83c\\udde9\\ud83c\\uddf2"
"flag_dominican_republic","\\ud83c\\udde9\\ud83c\\uddf4"
"flag_algeria","\\ud83c\\udde9\\ud83c\\uddff"
"flag_ceuta_melilla","\\ud83c\\uddea\\ud83c\\udde6"
"flag_ecuador","\\ud83c\\uddea\\ud83c\\udde8"
"flag_estonia","\\ud83c\\uddea\\ud83c\\uddea"
"flag_egypt","\\ud83c\\uddea\\ud83c\\uddec"
"flag_western_sahara","\\ud83c\\uddea\\ud83c\\udded"
"flag_eritrea","\\ud83c\\uddea\\ud83c\\uddf7"
"flag_spain","\\ud83c\\uddea\\ud83c\\uddf8"
"flag_ethiopia","\\ud83c\\uddea\\ud83c\\uddf9"
"flag_european_union","\\ud83c\\uddea\\ud83c\\uddfa"
"flag_finland","\\ud83c\\uddeb\\ud83c\\uddee"
"flag_fiji","\\ud83c\\uddeb\\ud83c\\uddef"
"flag_falkland_islands","\\ud83c\\uddeb\\ud83c\\uddf0"
"flag_micronesia","\\ud83c\\uddeb\\ud83c\\uddf2"
"flag_faroe_islands","\\ud83c\\uddeb\\ud83c\\uddf4"
"flag_france","\\ud83c\\uddeb\\ud83c\\uddf7"
"flag_gabon","\\ud83c\\uddec\\ud83c\\udde6"
"flag_united_kingdom","\\ud83c\\uddec\\ud83c\\udde7"
"flag_grenada","\\ud83c\\uddec\\ud83c\\udde9"
"flag_georgia","\\ud83c\\uddec\\ud83c\\uddea"
"flag_french_guiana","\\ud83c\\uddec\\ud83c\\uddeb"
"flag_guernsey","\\ud83c\\uddec\\ud83c\\uddec"
"flag_ghana","\\ud83c\\uddec\\ud83c\\udded"
"flag_gibraltar","\\ud83c\\uddec\\ud83c\\uddee"
"flag_greenland","\\ud83c\\uddec\\ud83c\\uddf1"
"flag_gambia","\\ud83c\\uddec\\ud83c\\uddf2"
"flag_guinea","\\ud83c\\uddec\\ud83c\\uddf3"
"flag_guadeloupe","\\ud83c\\uddec\\ud83c\\uddf5"
"flag_equatorial_guinea","\\ud83c\\uddec\\ud83c\\uddf6"
"flag_greece","\\ud83c\\uddec\\ud83c\\uddf7"
"flag_south_georgia_south_sandwich_islands","\\ud83c\\uddec\\ud83c\\uddf8"
"flag_guatemala","\\ud83c\\uddec\\ud83c\\uddf9"
"flag_guam","\\ud83c\\uddec\\ud83c\\uddfa"
"flag_guineabissau","\\ud83c\\uddec\\ud83c\\uddfc"
"flag_guyana","\\ud83c\\uddec\\ud83c\\uddfe"
"flag_hong_kong_sar_china","\\ud83c\\udded\\ud83c\\uddf0"
"flag_heard_mcdonald_islands","\\ud83c\\udded\\ud83c\\uddf2"
"flag_honduras","\\ud83c\\udded\\ud83c\\uddf3"
"flag_croatia","\\ud83c\\udded\\ud83c\\uddf7"
"flag_haiti","\\ud83c\\udded\\ud83c\\uddf9"
"flag_hungary","\\ud83c\\udded\\ud83c\\uddfa"
"flag_canary_islands","\\ud83c\\uddee\\ud83c\\udde8"
"flag_indonesia","\\ud83c\\uddee\\ud83c\\udde9"
"flag_ireland","\\ud83c\\uddee\\ud83c\\uddea"
"flag_israel","\\ud83c\\uddee\\ud83c\\uddf1"
"flag_isle_of_man","\\ud83c\\uddee\\ud83c\\uddf2"
"flag_india","\\ud83c\\uddee\\ud83c\\uddf3"
"flag_british_indian_ocean_territory","\\ud83c\\uddee\\ud83c\\uddf4"
"flag_iraq","\\ud83c\\uddee\\ud83c\\uddf6"
"flag_iran","\\ud83c\\uddee\\ud83c\\uddf7"
"flag_iceland","\\ud83c\\uddee\\ud83c\\uddf8"
"flag_italy","\\ud83c\\uddee\\ud83c\\uddf9"
"flag_jersey","\\ud83c\\uddef\\ud83c\\uddea"
"flag_jamaica","\\ud83c\\uddef\\ud83c\\uddf2"
"flag_jordan","\\ud83c\\uddef\\ud83c\\uddf4"
"flag_japan","\\ud83c\\uddef\\ud83c\\uddf5"
"flag_kenya","\\ud83c\\uddf0\\ud83c\\uddea"
"flag_kyrgyzstan","\\ud83c\\uddf0\\ud83c\\uddec"
"flag_cambodia","\\ud83c\\uddf0\\ud83c\\udded"
"flag_kiribati","\\ud83c\\uddf0\\ud83c\\uddee"
"flag_comoros","\\ud83c\\uddf0\\ud83c\\uddf2"
"flag_st_kitts_nevis","\\ud83c\\uddf0\\ud83c\\uddf3"
"flag_north_korea","\\ud83c\\uddf0\\ud83c\\uddf5"
"flag_south_korea","\\ud83c\\uddf0\\ud83c\\uddf7"
"flag_kuwait","\\ud83c\\uddf0\\ud83c\\uddfc"
"flag_cayman_islands","\\ud83c\\uddf0\\ud83c\\uddfe"
"flag_kazakhstan","\\ud83c\\uddf0\\ud83c\\uddff"
"flag_laos","\\ud83c\\uddf1\\ud83c\\udde6"
"flag_lebanon","\\ud83c\\uddf1\\ud83c\\udde7"
"flag_st_lucia","\\ud83c\\uddf1\\ud83c\\udde8"
"flag_liechtenstein","\\ud83c\\uddf1\\ud83c\\uddee"
"flag_sri_lanka","\\ud83c\\uddf1\\ud83c\\uddf0"
"flag_liberia","\\ud83c\\uddf1\\ud83c\\uddf7"
"flag_lesotho","\\ud83c\\uddf1\\ud83c\\uddf8"
"flag_lithuania","\\ud83c\\uddf1\\ud83c\\uddf9"
"flag_luxembourg","\\ud83c\\uddf1\\ud83c\\uddfa"
"flag_latvia","\\ud83c\\uddf1\\ud83c\\uddfb"
"flag_libya","\\ud83c\\uddf1\\ud83c\\uddfe"
"flag_morocco","\\ud83c\\uddf2\\ud83c\\udde6"
"flag_monaco","\\ud83c\\uddf2\\ud83c\\udde8"
"flag_moldova","\\ud83c\\uddf2\\ud83c\\udde9"
"flag_montenegro","\\ud83c\\uddf2\\ud83c\\uddea"
"flag_st_martin","\\ud83c\\uddf2\\ud83c\\uddeb"
"flag_madagascar","\\ud83c\\uddf2\\ud83c\\uddec"
"flag_marshall_islands","\\ud83c\\uddf2\\ud83c\\udded"
"flag_north_macedonia","\\ud83c\\uddf2\\ud83c\\uddf0"
"flag_mali","\\ud83c\\uddf2\\ud83c\\uddf1"
"flag_myanmar_burma","\\ud83c\\uddf2\\ud83c\\uddf2"
"flag_mongolia","\\ud83c\\uddf2\\ud83c\\uddf3"
"flag_macao_sar_china","\\ud83c\\uddf2\\ud83c\\uddf4"
"flag_northern_mariana_islands","\\ud83c\\uddf2\\ud83c\\uddf5"
"flag_martinique","\\ud83c\\uddf2\\ud83c\\uddf6"
"flag_mauritania","\\ud83c\\uddf2\\ud83c\\uddf7"
"flag_montserrat","\\ud83c\\uddf2\\ud83c\\uddf8"
"flag_malta","\\ud83c\\uddf2\\ud83c\\uddf9"
"flag_mauritius","\\ud83c\\uddf2\\ud83c\\uddfa"
"flag_maldives","\\ud83c\\uddf2\\ud83c\\uddfb"
"flag_malawi","\\ud83c\\uddf2\\ud83c\\uddfc"
"flag_mexico","\\ud83c\\uddf2\\ud83c\\uddfd"
"flag_malaysia","\\ud83c\\uddf2\\ud83c\\uddfe"
"flag_mozambique","\\ud83c\\uddf2\\ud83c\\uddff"
"flag_namibia","\\ud83c\\uddf3\\ud83c\\udde6"
"flag_new_caledonia","\\ud83c\\uddf3\\ud83c\\udde8"
"flag_niger","\\ud83c\\uddf3\\ud83c\\uddea"
"flag_norfolk_island","\\ud83c\\uddf3\\ud83c\\uddeb"
"flag_nigeria","\\ud83c\\uddf3\\ud83c\\uddec"
"flag_nicaragua","\\ud83c\\uddf3\\ud83c\\uddee"
"flag_netherlands","\\ud83c\\uddf3\\ud83c\\uddf1"
"flag_norway","\\ud83c\\uddf3\\ud83c\\uddf4"
"flag_nepal","\\ud83c\\uddf3\\ud83c\\uddf5"
"flag_nauru","\\ud83c\\uddf3\\ud83c\\uddf7"
"flag_niue","\\ud83c\\uddf3\\ud83c\\uddfa"
"flag_new_zealand","\\ud83c\\uddf3\\ud83c\\uddff"
"flag_oman","\\ud83c\\uddf4\\ud83c\\uddf2"
"flag_panama","\\ud83c\\uddf5\\ud83c\\udde6"
"flag_peru","\\ud83c\\uddf5\\ud83c\\uddea"
"flag_french_polynesia","\\ud83c\\uddf5\\ud83c\\uddeb"
"flag_papua_new_guinea","\\ud83c\\uddf5\\ud83c\\uddec"
"flag_philippines","\\ud83c\\uddf5\\ud83c\\udded"
"flag_pakistan","\\ud83c\\uddf5\\ud83c\\uddf0"
"flag_poland","\\ud83c\\uddf5\\ud83c\\uddf1"
"flag_st_pierre_miquelon","\\ud83c\\uddf5\\ud83c\\uddf2"
"flag_pitcairn_islands","\\ud83c\\uddf5\\ud83c\\uddf3"
"flag_puerto_rico","\\ud83c\\uddf5\\ud83c\\uddf7"
"flag_palestinian_territories","\\ud83c\\uddf5\\ud83c\\uddf8"
"flag_portugal","\\ud83c\\uddf5\\ud83c\\uddf9"
"flag_palau","\\ud83c\\uddf5\\ud83c\\uddfc"
"flag_paraguay","\\ud83c\\uddf5\\ud83c\\uddfe"
"flag_qatar","\\ud83c\\uddf6\\ud83c\\udde6"
"flag_réunion","\\ud83c\\uddf7\\ud83c\\uddea"
"flag_romania","\\ud83c\\uddf7\\ud83c\\uddf4"
"flag_serbia","\\ud83c\\uddf7\\ud83c\\uddf8"
"flag_russia","\\ud83c\\uddf7\\ud83c\\uddfa"
"flag_rwanda","\\ud83c\\uddf7\\ud83c\\uddfc"
"flag_saudi_arabia","\\ud83c\\uddf8\\ud83c\\udde6"
"flag_solomon_islands","\\ud83c\\uddf8\\ud83c\\udde7"
"flag_seychelles","\\ud83c\\uddf8\\ud83c\\udde8"
"flag_sudan","\\ud83c\\uddf8\\ud83c\\udde9"
"flag_sweden","\\ud83c\\uddf8\\ud83c\\uddea"
"flag_singapore","\\ud83c\\uddf8\\ud83c\\uddec"
"flag_st_helena","\\ud83c\\uddf8\\ud83c\\udded"
"flag_slovenia","\\ud83c\\uddf8\\ud83c\\uddee"
"flag_svalbard_jan_mayen","\\ud83c\\uddf8\\ud83c\\uddef"
"flag_slovakia","\\ud83c\\uddf8\\ud83c\\uddf0"
"flag_sierra_leone","\\ud83c\\uddf8\\ud83c\\uddf1"
"flag_san_marino","\\ud83c\\uddf8\\ud83c\\uddf2"
"flag_senegal","\\ud83c\\uddf8\\ud83c\\uddf3"
"flag_somalia","\\ud83c\\uddf8\\ud83c\\uddf4"
"flag_suriname","\\ud83c\\uddf8\\ud83c\\uddf7"
"flag_south_sudan","\\ud83c\\uddf8\\ud83c\\uddf8"
"flag_são_tomé_príncipe","\\ud83c\\uddf8\\ud83c\\uddf9"
"flag_el_salvador","\\ud83c\\uddf8\\ud83c\\uddfb"
"flag_sint_maarten","\\ud83c\\uddf8\\ud83c\\uddfd"
"flag_syria","\\ud83c\\uddf8\\ud83c\\uddfe"
"flag_eswatini","\\ud83c\\uddf8\\ud83c\\uddff"
"flag_tristan_da_cunha","\\ud83c\\uddf9\\ud83c\\udde6"
"flag_turks_caicos_islands","\\ud83c\\uddf9\\ud83c\\udde8"
"flag_chad","\\ud83c\\uddf9\\ud83c\\udde9"
"flag_french_southern_territories","\\ud83c\\uddf9\\ud83c\\uddeb"
"flag_togo","\\ud83c\\uddf9\\ud83c\\uddec"
"flag_thailand","\\ud83c\\uddf9\\ud83c\\udded"
"flag_tajikistan","\\ud83c\\uddf9\\ud83c\\uddef"
"flag_tokelau","\\ud83c\\uddf9\\ud83c\\uddf0"
"flag_timorleste","\\ud83c\\uddf9\\ud83c\\uddf1"
"flag_turkmenistan","\\ud83c\\uddf9\\ud83c\\uddf2"
"flag_tunisia","\\ud83c\\uddf9\\ud83c\\uddf3"
"flag_tonga","\\ud83c\\uddf9\\ud83c\\uddf4"
"flag_turkey","\\ud83c\\uddf9\\ud83c\\uddf7"
"flag_trinidad_tobago","\\ud83c\\uddf9\\ud83c\\uddf9"
"flag_tuvalu","\\ud83c\\uddf9\\ud83c\\uddfb"
"flag_taiwan","\\ud83c\\uddf9\\ud83c\\uddfc"
"flag_tanzania","\\ud83c\\uddf9\\ud83c\\uddff"
"flag_ukraine","\\ud83c\\uddfa\\ud83c\\udde6"
"flag_uganda","\\ud83c\\uddfa\\ud83c\\uddec"
"flag_us_outlying_islands","\\ud83c\\uddfa\\ud83c\\uddf2"
"flag_united_nations","\\ud83c\\uddfa\\ud83c\\uddf3"
"flag_united_states","\\ud83c\\uddfa\\ud83c\\uddf8"
"flag_uruguay","\\ud83c\\uddfa\\ud83c\\uddfe"
"flag_uzbekistan","\\ud83c\\uddfa\\ud83c\\uddff"
"flag_vatican_city","\\ud83c\\uddfb\\ud83c\\udde6"
"flag_st_vincent_grenadines","\\ud83c\\uddfb\\ud83c\\udde8"
"flag_venezuela","\\ud83c\\uddfb\\ud83c\\uddea"
"flag_british_virgin_islands","\\ud83c\\uddfb\\ud83c\\uddec"
"flag_us_virgin_islands","\\ud83c\\uddfb\\ud83c\\uddee"
"flag_vietnam","\\ud83c\\uddfb\\ud83c\\uddf3"
"flag_vanuatu","\\ud83c\\uddfb\\ud83c\\uddfa"
"flag_wallis_futuna","\\ud83c\\uddfc\\ud83c\\uddeb"
"flag_samoa","\\ud83c\\uddfc\\ud83c\\uddf8"
"flag_kosovo","\\ud83c\\uddfd\\ud83c\\uddf0"
"flag_yemen","\\ud83c\\uddfe\\ud83c\\uddea"
"flag_mayotte","\\ud83c\\uddfe\\ud83c\\uddf9"
"flag_south_africa","\\ud83c\\uddff\\ud83c\\udde6"
"flag_zambia","\\ud83c\\uddff\\ud83c\\uddf2"
"flag_zimbabwe","\\ud83c\\uddff\\ud83c\\uddfc"
"flag_england","\\ud83c\\udff4\\udb40\\udc67\\udb40\\udc62\\udb40\\udc65\\udb40\\udc6e\\udb40\\udc67\\udb40\\udc7f"
"flag_scotland","\\ud83c\\udff4\\udb40\\udc67\\udb40\\udc62\\udb40\\udc73\\udb40\\udc63\\udb40\\udc74\\udb40\\udc7f"
"flag_wales","\\ud83c\\udff4\\udb40\\udc67\\udb40\\udc62\\udb40\\udc77\\udb40\\udc6c\\udb40\\udc73\\udb40\\udc7f"
